Player,pos,age,tm,g,gs,mp,fg,fga,fg_percent,threepoint,threepoint_att,threepoint_percent,twopoint,twopoint_att,twopoint_percent,ft,fta,ft_percent,orb,drb,trb,ast,stl,blk,tov,pf,pts
Precious Achiuwa,PF,21,MIA,61,4,737,6.1,11.1,0.544,0.0,0.0,0.0,6.1,11.1,0.546,2.7,5.4,0.509,3.6,6.6,10.2,1.4,1.0,1.4,2.1,4.4,14.8
Jaylen Adams,PG,24,MIL,7,0,18,2.0,16.0,0.125,0.0,4.0,0.0,2.0,12.0,0.167,0.0,0.0,,0.0,6.0,6.0,4.0,0.0,0.0,0.0,2.0,4.0
Steven Adams,C,27,NOP,58,58,1605,4.2,6.9,0.614,0.0,0.1,0.0,4.2,6.8,0.62,1.3,3.0,0.444,4.8,6.8,11.5,2.5,1.2,0.9,1.7,2.5,9.8
Bam Adebayo,C,23,MIA,64,64,2143,7.7,13.4,0.57,0.0,0.1,0.25,7.6,13.3,0.573,4.8,5.9,0.799,2.4,7.2,9.6,5.8,1.3,1.1,2.8,2.4,20.1
LaMarcus Aldridge,C,35,TOT,26,23,674,7.5,15.8,0.473,1.7,4.3,0.388,5.8,11.5,0.505,2.2,2.5,0.872,1.0,5.3,6.3,2.6,0.6,1.5,1.4,2.5,18.8
Ty-Shon Alexander,SG,22,PHO,15,0,47,2.3,9.2,0.25,1.5,6.9,0.222,0.8,2.3,0.333,0.8,1.5,0.5,1.5,6.1,7.7,4.6,0.0,0.8,2.3,1.5,6.9
Nickeil Alexander-Walker,SG,22,NOP,46,13,1007,6.9,16.4,0.419,2.7,7.8,0.347,4.1,8.5,0.485,1.7,2.4,0.727,0.5,4.7,5.1,3.6,1.7,0.8,2.5,3.1,18.2
Grayson Allen,SG,25,MEM,50,38,1259,4.9,11.8,0.418,3.1,7.8,0.391,1.9,4.0,0.471,2.3,2.6,0.868,0.5,4.0,4.6,3.1,1.3,0.2,1.4,2.0,15.2
Jarrett Allen,C,22,TOT,63,45,1864,5.8,9.3,0.618,0.1,0.4,0.316,5.6,8.9,0.631,3.9,5.6,0.703,3.8,8.4,12.2,2.0,0.6,1.7,1.9,1.9,15.6
Al-Farouq Aminu,PF,30,TOT,23,14,434,3.2,8.2,0.384,0.7,3.1,0.216,2.5,5.1,0.484,1.5,1.8,0.818,1.8,7.3,9.1,2.6,1.6,0.7,2.3,2.4,8.5
Kyle Anderson,PF,27,MEM,69,69,1887,5.9,12.6,0.468,1.8,5.0,0.36,4.1,7.6,0.539,2.7,3.5,0.783,1.0,6.6,7.6,4.8,1.6,1.1,1.6,2.3,16.3
Giannis Antetokounmpo,PF,26,MIL,61,61,2013,11.2,19.7,0.569,1.2,4.0,0.303,10.0,15.7,0.636,7.1,10.4,0.685,1.7,10.3,12.0,6.4,1.3,1.3,3.7,3.0,30.7
Kostas Antetokounmpo,PF,23,LAL,15,0,56,1.9,6.4,0.3,0.0,0.0,,1.9,6.4,0.3,3.9,8.4,0.462,2.6,9.6,12.2,0.6,1.3,2.6,7.1,5.1,7.7
Thanasis Antetokounmpo,SF,28,MIL,57,3,551,4.4,9.0,0.489,0.5,1.9,0.241,3.9,7.1,0.556,1.6,3.2,0.51,3.5,4.6,8.1,3.0,1.4,0.7,2.8,4.8,10.8
Carmelo Anthony,PF,36,POR,69,3,1690,7.0,16.6,0.421,2.8,6.9,0.409,4.1,9.6,0.429,2.9,3.3,0.89,0.7,3.9,4.6,2.2,1.0,0.8,1.3,3.1,19.7
Cole Anthony,PG,20,ORL,47,34,1273,6.2,15.6,0.397,1.6,4.9,0.337,4.6,10.7,0.424,3.1,3.7,0.832,1.1,5.2,6.2,5.4,0.8,0.5,3.0,2.8,17.1
OG Anunoby,SF,23,TOR,43,43,1433,6.3,13.0,0.48,2.6,6.6,0.398,3.6,6.5,0.562,2.0,2.6,0.784,1.4,4.6,6.0,2.4,1.7,0.8,1.9,2.9,17.1
Ryan Arcidiacono,PG,26,CHI,44,0,450,3.9,9.4,0.419,2.0,5.4,0.373,1.9,4.0,0.48,1.0,1.6,0.65,0.4,5.0,5.4,4.5,0.7,0.0,0.8,3.8,10.9
Trevor Ariza,SF,35,MIA,30,27,841,4.2,10.3,0.411,2.1,6.1,0.35,2.1,4.2,0.5,1.5,1.9,0.773,1.2,5.0,6.2,2.4,1.3,0.8,0.9,2.4,12.1
D.J. Augustin,PG,33,TOT,57,12,1129,4.3,10.9,0.394,2.6,6.9,0.382,1.7,4.0,0.413,2.7,3.0,0.904,0.6,2.4,3.0,6.0,0.9,0.0,2.1,1.8,14.0
Deni Avdija,SF,20,WAS,54,32,1257,3.7,8.9,0.417,1.5,4.8,0.315,2.2,4.1,0.535,0.8,1.3,0.644,0.6,6.9,7.5,1.8,0.9,0.4,0.9,4.0,9.8
Deandre Ayton,C,22,PHO,69,69,2115,7.3,11.7,0.626,0.1,0.3,0.2,7.3,11.4,0.639,2.3,2.9,0.769,3.9,8.5,12.4,1.7,0.7,1.4,1.8,3.3,17.0
Udoka Azubuike,C,21,UTA,15,0,57,2.5,5.7,0.444,0.0,0.0,,2.5,5.7,0.444,5.1,6.3,0.8,2.5,5.7,8.2,0.0,0.6,2.5,1.9,5.7,10.1
Dwayne Bacon,SG,25,ORL,72,50,1853,5.7,14.1,0.402,1.1,4.0,0.285,4.5,10.1,0.449,2.8,3.4,0.824,0.6,3.7,4.4,1.8,0.9,0.1,0.9,2.0,15.3
Marvin Bagley III,PF,21,SAC,43,42,1112,8.0,15.9,0.504,1.2,3.5,0.343,6.8,12.4,0.55,2.5,4.3,0.575,3.4,6.9,10.3,1.4,0.7,0.7,1.9,3.2,19.7
LaMelo Ball,PG,19,CHO,51,31,1469,7.2,16.5,0.436,2.3,6.4,0.352,4.9,10.1,0.489,3.1,4.0,0.758,1.5,5.9,7.4,7.7,2.0,0.4,3.6,3.3,19.7
Lonzo Ball,PG,23,NOP,55,55,1747,6.0,14.4,0.414,3.5,9.4,0.378,2.4,5.0,0.482,1.0,1.3,0.781,0.7,4.7,5.4,6.5,1.7,0.6,2.5,2.1,16.5
Mo Bamba,C,22,ORL,46,5,725,7.1,14.9,0.472,1.9,5.9,0.322,5.2,9.1,0.568,2.2,3.3,0.682,3.8,9.4,13.2,1.7,0.7,2.9,1.8,4.3,18.2
Desmond Bane,SG,22,MEM,68,17,1519,5.5,11.8,0.469,2.8,6.4,0.432,2.8,5.4,0.513,0.9,1.2,0.816,0.7,4.2,5.0,2.8,1.0,0.4,1.4,3.0,14.8
Harrison Barnes,PF,28,SAC,58,58,2102,5.5,11.0,0.497,1.7,4.4,0.391,3.8,6.6,0.567,3.3,4.0,0.83,1.1,5.5,6.6,3.4,0.7,0.2,1.6,1.3,16.0
RJ Barrett,SG,20,NYK,72,72,2511,6.7,15.2,0.441,1.8,4.4,0.401,4.9,10.8,0.457,3.0,4.0,0.746,1.0,5.0,5.9,3.1,0.8,0.3,2.0,2.7,18.1
Will Barton,SF,30,DEN,56,52,1736,5.4,12.6,0.426,2.0,5.3,0.381,3.3,7.3,0.459,2.0,2.5,0.785,0.8,3.9,4.7,3.8,1.0,0.5,2.0,2.0,14.7
Keita Bates-Diop,SF,25,SAS,30,0,245,4.4,9.8,0.448,0.7,2.5,0.294,3.7,7.3,0.5,2.1,3.1,0.667,1.3,5.9,7.2,1.8,1.6,0.7,1.0,1.6,11.6
Nicolas Batum,SF,32,LAC,67,38,1835,3.7,8.1,0.464,2.2,5.3,0.404,1.6,2.7,0.579,0.9,1.1,0.828,1.0,5.2,6.2,2.9,1.4,0.7,1.0,2.0,10.6
Aron Baynes,C,34,TOR,53,31,980,4.9,11.2,0.441,1.0,3.8,0.262,3.9,7.4,0.532,1.1,1.5,0.707,3.2,6.8,10.0,1.7,0.6,0.8,1.7,4.4,11.9
Kent Bazemore,SF,31,GSW,67,18,1333,4.8,10.6,0.449,2.0,5.0,0.408,2.7,5.6,0.486,1.5,2.1,0.692,0.7,5.5,6.2,2.9,1.9,0.9,2.2,4.3,13.0
Darius Bazley,PF,20,OKC,55,55,1714,5.7,14.5,0.396,1.7,6.0,0.29,4.0,8.5,0.47,2.6,3.7,0.702,1.1,7.2,8.3,2.1,0.6,0.5,2.6,1.3,15.8
Bradley Beal,SG,27,WAS,60,60,2147,11.2,23.2,0.485,2.2,6.3,0.349,9.1,16.9,0.535,6.8,7.7,0.889,1.2,3.5,4.7,4.4,1.2,0.4,3.1,2.3,31.5
Malik Beasley,SG,24,MIN,37,36,1214,7.8,17.8,0.44,3.8,9.5,0.399,4.0,8.3,0.487,2.0,2.4,0.85,0.8,4.0,4.8,2.6,0.9,0.2,1.8,1.8,21.5
Jordan Bell,C,26,TOT,6,1,82,3.1,9.7,0.318,0.0,0.9,0.0,3.1,8.8,0.35,0.4,0.9,0.5,3.1,7.5,10.5,3.1,1.3,2.2,1.8,3.1,6.6
DeAndre' Bembry,SF,26,TOR,51,12,972,4.3,8.4,0.513,0.5,2.0,0.264,3.8,6.5,0.589,1.7,2.4,0.682,1.2,4.2,5.4,4.0,2.0,0.7,2.6,3.2,10.9
Dāvis Bertāns,PF,28,WAS,57,7,1464,4.7,11.8,0.404,4.2,10.5,0.395,0.6,1.2,0.48,2.5,2.8,0.87,0.4,3.7,4.1,1.2,0.8,0.3,0.8,3.3,16.1
Patrick Beverley,PG,32,LAC,37,34,832,4.0,9.5,0.423,2.4,6.1,0.397,1.6,3.4,0.468,1.6,1.9,0.8,1.3,3.9,5.1,3.3,1.3,1.2,1.5,4.7,12.0
Saddiq Bey,SF,21,DET,70,53,1909,5.3,13.0,0.404,3.3,8.7,0.38,2.0,4.4,0.45,2.3,2.8,0.844,0.8,5.2,6.0,1.8,1.0,0.3,1.1,2.1,16.2
Tyler Bey,SF,22,DAL,18,0,71,3.5,11.2,0.318,0.5,2.0,0.25,3.0,9.1,0.333,1.5,2.5,0.6,4.1,5.6,9.6,1.5,0.0,0.5,1.5,3.0,9.1
Khem Birch,C,28,TOT,67,22,1529,4.4,8.9,0.497,0.3,1.2,0.25,4.1,7.7,0.537,2.1,3.0,0.705,4.1,5.0,9.1,2.1,1.1,1.2,1.0,2.7,11.3
Goga Bitadze,C,21,IND,45,3,561,5.3,12.4,0.428,1.3,5.1,0.253,4.0,7.4,0.548,2.9,3.9,0.738,3.9,5.8,9.6,2.4,0.6,3.9,1.1,6.0,14.8
Bismack Biyombo,C,28,CHO,66,36,1349,3.8,6.5,0.587,0.0,0.0,0.0,3.8,6.4,0.589,1.3,2.8,0.448,3.7,5.6,9.3,2.2,0.5,2.0,1.9,3.8,8.8
Nemanja Bjelica,PF,32,TOT,37,3,595,5.4,11.9,0.454,1.6,5.1,0.318,3.8,6.7,0.559,2.2,3.1,0.725,1.8,5.9,7.7,4.2,0.9,0.3,2.0,4.1,14.6
Eric Bledsoe,SG,31,NOP,71,70,2111,5.2,12.4,0.421,2.1,6.1,0.341,3.2,6.4,0.496,2.3,3.3,0.687,0.5,3.7,4.2,4.6,0.9,0.4,1.9,1.9,14.8
Keljin Blevins,SF,25,POR,17,0,75,2.4,9.6,0.25,1.0,3.8,0.25,1.4,5.8,0.25,0.0,0.0,,1.4,3.4,4.8,1.9,1.0,0.0,2.4,3.8,5.8
Bogdan Bogdanović,SG,28,ATL,44,27,1305,7.4,15.6,0.473,4.0,9.2,0.438,3.3,6.4,0.522,1.1,1.2,0.909,0.6,3.9,4.4,4.1,1.4,0.4,1.5,2.7,19.9
Bojan Bogdanović,SF,31,UTA,72,72,2216,6.6,15.0,0.439,2.9,7.5,0.39,3.7,7.5,0.487,3.8,4.3,0.879,0.6,3.9,4.6,2.2,0.7,0.1,2.1,1.9,19.9
Bol Bol,PF,21,DEN,32,2,160,5.6,13.1,0.431,2.0,5.4,0.375,3.6,7.7,0.471,2.3,3.4,0.667,0.0,5.4,5.4,1.6,0.7,2.3,2.9,3.2,15.5
Marques Bolden,C,22,CLE,6,0,29,1.2,3.7,0.333,0.0,0.0,,1.2,3.7,0.333,6.2,9.9,0.625,3.7,3.7,7.4,0.0,2.5,2.5,2.5,0.0,8.7
Jordan Bone,PG,23,ORL,14,0,196,4.2,9.9,0.426,1.8,5.9,0.313,2.4,4.0,0.591,0.0,0.0,,0.7,3.7,4.4,3.3,0.4,0.0,0.6,2.0,10.3
Isaac Bonga,SF,21,WAS,40,8,432,2.5,6.8,0.37,1.1,3.9,0.277,1.4,2.8,0.5,0.4,0.7,0.625,1.5,4.0,5.5,1.9,0.9,0.7,1.8,5.2,6.5
Devin Booker,SG,24,PHO,67,67,2270,9.9,20.4,0.484,2.0,5.9,0.34,7.9,14.5,0.543,5.4,6.2,0.867,0.5,3.9,4.5,4.6,0.8,0.3,3.3,2.9,27.2
Chris Boucher,C,28,TOR,60,14,1453,7.1,13.9,0.514,2.2,5.8,0.383,4.9,8.1,0.609,3.8,4.8,0.788,2.9,7.1,10.0,1.6,0.9,2.8,1.1,4.1,20.3
Brian Bowen,SF,22,IND,6,0,15,2.4,9.6,0.25,0.0,2.4,0.0,2.4,7.2,0.333,2.4,2.4,1.0,0.0,7.2,7.2,0.0,0.0,0.0,0.0,2.4,7.2
Avery Bradley,SG,30,TOT,27,6,602,3.8,10.2,0.374,2.0,6.0,0.327,1.9,4.2,0.443,0.7,0.9,0.8,0.5,2.9,3.4,2.8,1.3,0.2,1.7,3.3,10.3
Tony Bradley,C,23,TOT,42,8,684,6.9,10.4,0.665,0.0,0.2,0.0,6.9,10.2,0.675,2.0,2.9,0.691,4.5,8.1,12.6,1.9,0.8,1.6,1.7,3.2,15.8
Jarrell Brantley,PF,24,UTA,28,0,138,6.5,13.6,0.481,3.1,7.3,0.429,3.4,6.3,0.542,0.5,0.5,1.0,2.3,4.7,7.0,3.9,1.8,0.5,2.1,4.4,16.7
Ignas Brazdeikis,SF,22,TOT,13,0,249,5.1,12.0,0.422,1.6,4.0,0.393,3.5,8.0,0.436,1.4,2.0,0.714,1.6,4.9,6.5,2.5,0.6,0.4,1.7,3.2,13.2
Mikal Bridges,SF,24,PHO,72,72,2348,5.6,10.3,0.543,2.1,4.8,0.425,3.5,5.4,0.647,1.7,2.0,0.84,1.2,3.6,4.7,2.3,1.2,1.0,0.9,1.8,14.9
Miles Bridges,PF,22,CHO,66,19,1932,5.8,11.6,0.503,2.2,5.4,0.4,3.7,6.2,0.593,1.8,2.1,0.867,1.5,5.9,7.4,2.7,0.8,1.0,2.0,2.7,15.7
Amida Brimah,C,26,IND,5,0,29,6.2,9.9,0.625,0.0,0.0,,6.2,9.9,0.625,3.7,3.7,1.0,2.5,7.4,9.9,1.2,0.0,6.2,5.0,5.0,16.1
Oshae Brissett,SF,22,IND,21,16,519,5.1,10.5,0.483,2.3,5.4,0.423,2.8,5.1,0.548,3.5,4.5,0.769,2.0,6.0,8.0,1.2,1.3,1.4,0.7,2.2,15.9
Malcolm Brogdon,PG,28,IND,56,56,1930,8.3,18.3,0.453,2.7,7.0,0.388,5.6,11.3,0.493,2.9,3.3,0.864,1.1,4.4,5.5,6.1,0.9,0.3,2.1,2.1,22.1
Armoni Brooks,SG,22,HOU,20,5,520,5.4,13.3,0.406,4.2,10.9,0.382,1.2,2.4,0.514,0.5,0.8,0.583,0.7,4.0,4.7,2.1,0.8,0.3,1.5,2.4,15.4
Dillon Brooks,SF,25,MEM,67,67,1997,7.8,18.6,0.419,2.3,6.7,0.344,5.5,11.9,0.461,2.9,3.5,0.815,1.0,2.6,3.5,2.8,1.4,0.5,2.1,4.3,20.7
Bruce Brown,PG,24,BRK,65,37,1451,5.8,10.5,0.556,0.4,1.5,0.288,5.4,9.0,0.599,2.1,2.9,0.735,2.8,5.9,8.7,2.6,1.4,0.7,1.3,3.6,14.2
Charlie Brown Jr.,SG,23,OKC,9,1,152,3.1,10.2,0.302,1.2,5.0,0.238,1.9,5.2,0.364,2.1,2.4,0.9,0.7,3.3,4.0,2.1,0.9,0.5,1.4,4.5,9.5
Jaylen Brown,SG,24,BOS,58,58,1999,9.7,20.0,0.484,2.9,7.4,0.397,6.8,12.6,0.536,3.4,4.5,0.764,1.3,5.0,6.2,3.5,1.3,0.6,2.8,3.0,25.8
Moses Brown,C,21,OKC,43,32,920,5.7,10.5,0.545,0.0,0.0,,5.7,10.5,0.545,3.1,4.9,0.619,6.0,9.0,15.0,0.4,1.2,1.8,1.7,3.6,14.5
Sterling Brown,SG,25,HOU,51,14,1229,4.4,9.8,0.448,2.7,6.3,0.423,1.7,3.5,0.492,0.7,0.9,0.806,1.1,5.4,6.6,2.1,1.1,0.4,1.2,2.8,12.2
Troy Brown Jr.,SF,21,TOT,34,0,524,4.3,9.9,0.431,1.5,4.8,0.314,2.7,5.1,0.541,1.0,1.4,0.714,1.4,5.8,7.2,2.0,0.7,0.4,1.4,3.4,11.1
Jalen Brunson,PG,24,DAL,68,12,1697,7.0,13.3,0.523,1.7,4.2,0.405,5.2,9.1,0.578,2.5,3.2,0.795,0.6,4.3,4.9,5.1,0.7,0.0,1.7,2.3,18.2
Elijah Bryant,SG,25,MIL,1,0,32,6.8,14.6,0.462,1.1,5.6,0.2,5.6,9.0,0.625,3.4,3.4,1.0,2.3,4.5,6.8,3.4,0.0,1.1,4.5,4.5,18.0
Thomas Bryant,C,23,WAS,10,10,271,7.8,12.1,0.648,1.2,2.8,0.429,6.6,9.3,0.714,2.1,3.2,0.667,2.4,5.7,8.1,2.0,0.5,1.1,1.5,4.1,19.0
Reggie Bullock,SF,29,NYK,65,64,1949,4.6,10.4,0.442,3.0,7.4,0.41,1.6,3.0,0.521,0.9,1.0,0.909,0.3,3.8,4.1,1.8,1.0,0.2,0.8,2.7,13.1
Trey Burke,PG,28,DAL,62,1,911,6.0,13.9,0.428,2.3,6.5,0.354,3.7,7.5,0.492,2.0,2.3,0.895,0.4,1.7,2.1,3.2,1.4,0.3,1.3,2.5,16.2
Alec Burks,SG,29,NYK,49,5,1255,6.0,14.3,0.42,2.9,7.1,0.415,3.1,7.3,0.425,2.9,3.4,0.856,0.6,5.9,6.5,3.1,0.9,0.4,1.4,2.9,17.9
Jimmy Butler,SF,31,MIA,52,52,1745,7.6,15.2,0.497,0.5,2.1,0.245,7.0,13.1,0.538,7.4,8.6,0.863,1.9,5.5,7.4,7.6,2.2,0.4,2.2,1.5,23.0
Bruno Caboclo,PF,25,HOU,6,0,36,8.0,17.0,0.471,0.0,5.0,0.0,8.0,12.0,0.667,1.0,2.0,0.5,3.0,11.0,14.0,1.0,0.0,2.0,4.0,6.0,17.0
Devontae Cacok,PF,24,LAL,20,1,98,6.2,10.7,0.586,0.0,0.0,,6.2,10.7,0.586,1.8,4.0,0.455,4.4,7.3,11.8,0.4,1.8,1.5,1.8,2.9,14.3
Kentavious Caldwell-Pope,SG,27,LAL,67,67,1902,4.1,9.6,0.431,2.3,5.5,0.41,1.9,4.0,0.46,1.8,2.1,0.866,0.5,2.9,3.4,2.4,1.2,0.5,1.2,2.2,12.4
Facundo Campazzo,PG,29,DEN,65,19,1425,3.0,8.0,0.381,1.9,5.5,0.352,1.1,2.5,0.444,2.0,2.3,0.879,0.6,2.8,3.4,5.9,2.0,0.4,1.8,3.3,10.0
Vlatko Čančar,PF,23,DEN,41,1,281,4.2,9.2,0.458,1.2,4.2,0.273,3.1,5.0,0.615,1.3,1.7,0.769,1.4,5.0,6.4,1.8,1.4,0.3,1.8,2.3,10.9
Devin Cannady,PG,24,ORL,8,0,74,5.4,13.6,0.393,2.9,7.8,0.375,2.4,5.8,0.417,2.9,3.4,0.857,0.0,2.4,2.4,0.5,2.4,0.5,1.0,4.4,16.5
Clint Capela,C,26,ATL,63,63,1898,7.8,13.2,0.594,0.0,0.0,,7.8,13.2,0.594,2.5,4.3,0.573,5.6,11.5,17.1,0.9,0.8,2.4,1.4,2.8,18.1
Vernon Carey Jr.,C,19,CHO,19,4,115,5.6,11.3,0.5,0.3,2.2,0.143,5.3,9.1,0.586,2.8,3.4,0.818,1.9,6.6,8.5,0.6,0.3,1.6,1.6,4.1,14.4
Jevon Carter,PG,25,PHO,60,1,717,4.7,11.2,0.422,2.8,7.6,0.371,1.9,3.6,0.528,0.2,0.4,0.571,0.8,3.8,4.6,3.6,1.5,0.5,0.8,2.8,12.5
Wendell Carter Jr.,C,21,TOT,54,44,1375,6.0,12.0,0.503,0.4,1.3,0.294,5.6,10.6,0.53,3.4,4.7,0.732,3.5,8.1,11.6,2.7,0.9,1.1,2.0,3.8,15.9
Michael Carter-Williams,SG,29,ORL,31,25,800,4.7,12.2,0.389,0.7,2.7,0.246,4.1,9.4,0.431,2.2,3.6,0.613,1.8,4.5,6.3,5.8,1.1,0.8,3.1,3.6,12.3
Alex Caruso,PG,26,LAL,58,6,1216,3.9,9.0,0.436,1.6,4.1,0.401,2.3,5.0,0.464,1.5,2.3,0.645,0.9,4.1,5.0,4.7,1.9,0.4,2.3,3.2,11.0
Willie Cauley-Stein,C,27,DAL,53,16,906,4.6,7.2,0.632,0.0,0.4,0.091,4.5,6.8,0.667,1.9,3.1,0.628,2.6,6.8,9.4,1.4,0.8,1.7,1.2,5.1,11.1
Chris Chiozza,PG,25,BRK,22,1,232,4.8,13.7,0.352,2.0,6.5,0.31,2.8,7.1,0.391,2.0,2.6,0.765,0.5,3.3,3.7,10.1,1.1,0.9,2.5,2.9,13.7
Marquese Chriss,PF,23,GSW,2,0,27,6.7,18.7,0.357,1.3,6.7,0.2,5.3,12.0,0.444,2.7,5.3,0.5,4.0,13.3,17.3,2.7,0.0,2.7,2.7,4.0,17.3
Gary Clark,SF-PF,26,TOT,39,11,654,2.2,7.3,0.303,1.7,5.9,0.287,0.5,1.3,0.375,0.4,0.6,0.8,1.8,4.5,6.3,1.7,0.7,0.4,0.9,1.9,6.6
Brandon Clarke,PF,24,MEM,59,16,1415,6.5,12.6,0.517,0.5,2.0,0.26,6.0,10.6,0.565,2.0,2.9,0.69,2.5,5.9,8.3,2.4,1.5,1.3,0.8,2.1,15.5
Jordan Clarkson,SG,28,UTA,68,1,1818,9.0,21.3,0.425,4.1,11.9,0.347,4.9,9.4,0.523,2.6,2.9,0.896,0.9,4.5,5.4,3.3,1.2,0.2,2.3,2.2,24.8
Nic Claxton,C,21,BRK,32,1,594,5.5,8.8,0.621,0.1,0.3,0.2,5.4,8.5,0.636,1.9,3.9,0.484,2.6,7.5,10.1,1.7,1.4,2.4,1.1,4.1,12.8
Amir Coffey,SG,23,LAC,44,1,394,4.1,9.4,0.437,2.1,5.1,0.411,2.0,4.3,0.468,2.5,3.5,0.711,0.9,3.1,4.0,2.0,0.9,0.0,1.4,2.7,12.8
John Collins,PF,23,ATL,63,63,1848,8.4,15.0,0.556,1.6,4.1,0.399,6.7,11.0,0.615,3.3,4.0,0.833,2.3,6.8,9.1,1.5,0.7,1.2,1.6,3.8,21.6
Mike Conley,PG,33,UTA,51,51,1498,6.8,15.4,0.444,3.3,8.1,0.412,3.5,7.3,0.479,2.9,3.4,0.852,0.9,3.4,4.3,7.3,1.7,0.2,2.4,2.4,19.9
Pat Connaughton,SG,28,MIL,69,4,1575,3.8,8.8,0.434,2.3,6.2,0.371,1.5,2.6,0.583,0.7,0.9,0.775,1.4,6.1,7.6,1.9,1.1,0.5,0.8,2.3,10.7
Quinn Cook,PG,27,TOT,23,0,157,6.6,15.6,0.426,2.5,6.0,0.423,4.1,9.6,0.429,1.6,1.8,0.875,0.5,3.4,3.9,4.1,0.9,0.2,1.6,2.3,17.4
Tyler Cook,SF-PF,23,TOT,32,1,438,5.7,8.5,0.67,0.1,0.2,0.5,5.6,8.3,0.673,1.4,2.9,0.486,2.3,5.5,7.8,1.4,0.7,0.2,1.7,2.9,12.8
DeMarcus Cousins,C,30,TOT,41,11,713,6.6,15.4,0.426,2.4,6.8,0.348,4.2,8.6,0.488,3.0,4.1,0.728,2.7,10.6,13.3,3.8,1.7,1.2,3.2,5.4,18.5
Robert Covington,PF,30,POR,70,70,2243,3.3,8.2,0.401,2.2,5.7,0.379,1.1,2.5,0.451,0.8,1.0,0.806,1.0,6.5,7.5,1.9,1.6,1.3,1.0,3.1,9.5
Torrey Craig,SF,30,TOT,50,8,803,4.9,10.2,0.48,1.7,4.8,0.368,3.1,5.4,0.579,0.8,1.0,0.773,2.6,6.3,8.8,2.2,1.3,1.2,1.1,3.7,12.3
Jae Crowder,PF,30,PHO,60,42,1648,4.3,10.7,0.404,3.2,8.3,0.389,1.1,2.4,0.455,1.2,1.6,0.76,0.7,5.5,6.2,2.8,1.0,0.6,1.2,2.7,13.2
Jarrett Culver,SG,21,MIN,34,7,499,5.0,12.1,0.411,0.9,3.8,0.245,4.0,8.3,0.487,2.1,3.5,0.604,2.5,5.1,7.5,1.7,1.2,0.6,2.0,4.2,13.0
Seth Curry,SG,30,PHI,57,57,1638,5.7,12.1,0.467,2.8,6.2,0.45,2.9,6.0,0.485,1.5,1.7,0.896,0.2,2.8,3.0,3.4,1.0,0.2,1.4,2.1,15.6
Stephen Curry,PG,32,GSW,63,63,2152,11.0,22.8,0.482,5.6,13.4,0.421,5.4,9.4,0.569,6.1,6.6,0.916,0.5,5.3,5.8,6.1,1.3,0.1,3.6,2.0,33.7
Nate Darling,SG,22,CHO,7,0,26,2.8,9.7,0.286,2.8,9.7,0.286,0.0,0.0,,4.2,4.2,1.0,1.4,0.0,1.4,1.4,0.0,1.4,1.4,1.4,12.5
Anthony Davis,PF,27,LAL,36,36,1162,9.3,19.0,0.491,0.8,3.1,0.26,8.5,15.9,0.536,4.9,6.6,0.738,1.9,6.9,8.9,3.4,1.4,1.8,2.3,1.9,24.4
Ed Davis,C,31,MIN,23,7,299,2.3,5.3,0.432,0.0,0.0,,2.3,5.3,0.432,1.2,1.4,0.833,5.5,8.3,13.8,2.5,1.6,1.6,0.8,6.7,5.8
Terence Davis,SG,23,TOT,61,4,1074,6.5,15.3,0.428,3.3,8.9,0.367,3.3,6.3,0.513,1.5,1.8,0.818,0.7,4.5,5.2,2.8,1.5,0.5,2.1,3.3,17.9
Gabriel Deck,PF,25,OKC,10,0,212,5.4,11.4,0.478,0.3,2.5,0.133,5.1,8.8,0.577,3.1,3.7,0.818,2.7,4.1,6.8,4.1,1.4,0.0,1.0,1.5,14.3
Dewayne Dedmon,C,31,MIA,16,0,210,7.9,11.1,0.708,0.2,0.9,0.2,7.7,10.3,0.75,3.4,4.6,0.741,4.8,9.9,14.7,2.1,1.5,1.0,2.2,6.2,19.4
Matthew Dellavedova,PG,30,CLE,13,1,224,2.3,9.0,0.25,0.6,4.0,0.16,1.6,5.0,0.323,0.6,0.6,1.0,1.0,2.9,3.9,9.3,0.6,0.2,1.0,3.4,5.8
DeMar DeRozan,PF,31,SAS,61,61,2056,8.0,16.1,0.495,0.3,1.3,0.257,7.6,14.8,0.515,6.8,7.7,0.88,0.7,3.8,4.5,7.4,1.0,0.3,2.1,2.2,23.0
Mamadi Diakite,PF,24,MIL,14,1,141,4.1,10.2,0.4,0.3,2.0,0.125,3.8,8.2,0.469,2.8,3.6,0.786,2.0,6.6,8.7,2.0,1.8,1.5,0.8,4.1,11.2
Hamidou Diallo,SG-SF,22,TOT,52,9,1226,6.6,13.8,0.477,0.8,2.4,0.341,5.8,11.4,0.505,3.8,5.9,0.64,1.7,6.3,8.0,3.0,1.2,0.7,2.2,3.9,17.7
Gorgui Dieng,C,31,TOT,38,1,552,5.5,10.6,0.521,2.0,4.6,0.429,3.6,6.1,0.591,3.8,4.4,0.866,2.6,6.5,9.1,3.1,1.7,1.0,2.1,3.7,16.8
Spencer Dinwiddie,SG,27,BRK,3,3,64,3.4,9.0,0.375,1.1,3.9,0.286,2.3,5.1,0.444,3.4,3.4,1.0,0.0,7.3,7.3,5.1,1.1,0.6,2.8,2.3,11.3
Donte DiVincenzo,SG,24,MIL,66,66,1814,5.0,12.0,0.42,2.6,6.9,0.379,2.4,5.1,0.475,1.0,1.4,0.718,1.6,5.9,7.5,4.0,1.4,0.3,1.8,2.2,13.7
Luka Dončić,PG,21,DAL,66,66,2262,10.3,21.5,0.479,3.1,8.7,0.35,7.2,12.8,0.567,5.5,7.5,0.73,0.9,7.5,8.4,9.0,1.0,0.6,4.5,2.4,29.1
Luguentz Dort,SG,21,OKC,52,52,1543,5.8,14.9,0.387,2.6,7.7,0.343,3.1,7.2,0.432,2.8,3.8,0.744,0.9,3.5,4.4,2.1,1.0,0.4,1.8,3.1,17.0
Damyean Dotson,SG,26,CLE,46,7,907,4.7,11.6,0.406,1.8,6.3,0.289,2.9,5.3,0.545,1.0,1.4,0.667,0.2,3.5,3.7,3.6,0.6,0.2,1.7,1.7,12.2
Devon Dotson,PG,21,CHI,11,0,50,7.9,15.1,0.524,0.7,5.0,0.143,7.2,10.1,0.714,0.0,0.0,,1.4,2.2,3.6,5.0,2.9,0.0,0.0,2.2,16.6
Sekou Doumbouya,PF,20,DET,56,11,869,4.4,11.7,0.379,1.1,4.8,0.226,3.4,6.9,0.485,1.9,2.7,0.703,1.6,4.3,5.9,1.9,1.0,0.4,1.8,3.9,11.8
PJ Dozier,SG,24,DEN,50,6,1088,4.9,11.7,0.417,1.6,4.9,0.315,3.3,6.8,0.49,1.4,2.2,0.636,1.2,4.9,6.0,3.0,1.0,0.7,1.5,2.8,12.7
Goran Dragić,PG,34,MIA,50,11,1337,6.5,14.9,0.432,2.5,6.6,0.373,4.0,8.4,0.479,2.7,3.3,0.828,0.7,3.9,4.6,5.9,0.9,0.2,3.2,3.0,18.1
Andre Drummond,C,27,TOT,46,46,1242,8.2,16.6,0.493,0.0,0.2,0.0,8.2,16.3,0.5,3.6,5.9,0.6,4.8,11.2,16.0,2.7,1.8,1.4,3.6,4.3,19.9
Jared Dudley,PF,35,LAL,12,0,81,0.9,4.0,0.222,0.9,2.7,0.333,0.0,1.3,0.0,0.0,0.0,,1.8,7.6,9.3,2.2,0.4,0.4,0.9,3.1,2.7
Kris Dunn,PG,26,ATL,4,0,45,0.8,9.6,0.083,0.0,1.6,0.0,0.8,8.0,0.1,2.4,3.2,0.75,0.0,4.8,4.8,1.6,1.6,1.6,2.4,8.0,4.0
Kevin Durant,PF,32,BRK,35,32,1157,10.1,18.8,0.537,2.6,5.9,0.45,7.4,12.9,0.577,6.5,7.4,0.882,0.4,7.3,7.7,6.1,0.8,1.4,3.7,2.2,29.3
Anthony Edwards,SG,19,MIN,72,55,2314,7.9,18.8,0.417,2.7,8.1,0.329,5.2,10.8,0.483,3.3,4.2,0.776,0.9,4.3,5.2,3.3,1.3,0.6,2.5,2.0,21.7
Carsen Edwards,SG,22,BOS,31,1,276,6.1,14.5,0.423,2.3,8.2,0.286,3.8,6.3,0.604,1.4,1.7,0.846,0.4,3.0,3.4,1.8,0.9,0.1,0.9,3.3,16.0
CJ Elleby,SF,20,POR,30,0,192,4.7,12.4,0.379,1.3,6.4,0.206,3.4,6.0,0.563,2.1,2.8,0.733,2.1,3.9,6.0,1.9,1.1,0.6,0.9,5.1,12.7
Henry Ellenson,PF,24,TOR,2,0,38,4.7,13.3,0.357,1.9,8.5,0.222,2.8,4.7,0.6,2.8,3.8,0.75,2.8,8.5,11.4,4.7,0.0,0.0,0.0,6.6,14.2
Wayne Ellington,SG,33,DET,46,31,1012,5.3,12.0,0.441,4.1,9.8,0.422,1.2,2.2,0.524,1.0,1.2,0.8,0.4,2.6,3.0,2.4,0.6,0.3,1.2,2.1,15.7
Joel Embiid,C,26,PHI,51,51,1585,10.5,20.4,0.513,1.3,3.5,0.377,9.2,16.9,0.541,10.7,12.4,0.859,2.6,9.7,12.2,3.3,1.1,1.6,3.6,2.8,33.0
James Ennis III,SF,30,ORL,41,37,986,4.2,8.9,0.473,1.6,3.8,0.433,2.6,5.1,0.504,2.6,3.2,0.805,1.6,4.5,6.1,2.3,1.2,0.3,1.3,3.1,12.6
Drew Eubanks,C,23,SAS,54,3,755,5.5,9.8,0.566,0.1,0.1,1.0,5.4,9.7,0.562,3.7,5.1,0.726,3.5,8.0,11.5,2.0,0.9,2.3,2.1,4.2,14.8
Dante Exum,SG,25,CLE,6,3,116,3.1,8.1,0.385,0.6,3.4,0.182,2.5,4.7,0.533,0.3,0.6,0.5,0.6,4.7,5.3,4.0,1.2,0.6,2.2,2.8,7.1
Tacko Fall,C,25,BOS,19,0,136,5.6,7.7,0.724,0.0,0.0,,5.6,7.7,0.724,1.3,4.0,0.333,4.2,9.5,13.8,0.8,0.3,5.3,1.6,5.8,12.4
Derrick Favors,C,29,UTA,68,0,1039,5.4,8.4,0.638,0.0,0.1,0.0,5.4,8.4,0.643,2.0,2.8,0.738,4.8,8.2,13.0,1.5,1.1,2.4,1.2,5.0,12.8
Cristiano Felício,C,28,CHI,18,0,84,3.0,5.6,0.538,0.0,0.9,0.0,3.0,4.7,0.636,3.9,6.9,0.563,4.3,6.9,11.1,3.9,1.7,0.0,1.7,4.3,9.9
Terrance Ferguson,SG,22,PHI,13,0,49,0.7,5.1,0.143,0.0,3.7,0.0,0.7,1.5,0.5,0.0,0.0,,0.0,0.7,0.7,1.5,0.7,0.0,2.9,5.1,1.5
Bruno Fernando,C,22,ATL,33,0,226,2.9,7.0,0.409,0.0,0.3,0.0,2.9,6.7,0.429,2.4,3.5,0.682,2.5,9.9,12.4,1.6,0.6,0.5,3.3,3.7,8.1
Yogi Ferrell,PG,27,TOT,10,0,136,5.3,15.1,0.351,2.4,7.4,0.321,2.9,7.7,0.379,1.9,2.4,0.778,1.3,3.7,5.0,5.8,1.9,0.8,0.8,2.9,14.8
Dorian Finney-Smith,PF,27,DAL,60,60,1921,4.1,8.7,0.472,2.2,5.7,0.394,1.9,3.1,0.616,0.6,0.8,0.756,1.8,4.3,6.1,1.9,1.0,0.5,0.9,2.6,11.1
Malik Fitts,PF,23,LAC,3,0,11,3.3,9.8,0.333,3.3,6.5,0.5,0.0,3.3,0.0,0.0,0.0,,0.0,9.8,9.8,0.0,0.0,0.0,0.0,9.8,9.8
Malachi Flynn,PG,22,TOR,47,14,928,4.9,13.2,0.374,2.1,6.5,0.321,2.8,6.7,0.424,1.7,2.2,0.804,0.4,4.1,4.5,5.3,1.5,0.3,1.7,2.6,13.7
Bryn Forbes,SG,27,MIL,70,10,1354,6.6,14.1,0.473,4.1,9.1,0.452,2.6,5.0,0.511,1.2,1.6,0.77,0.3,2.7,3.0,1.2,0.6,0.0,1.2,2.0,18.6
Trent Forrest,PG,22,UTA,30,0,302,3.8,8.5,0.451,0.6,3.1,0.192,3.2,5.4,0.6,2.3,2.3,1.0,1.3,3.9,5.2,5.4,1.1,0.5,2.5,2.6,10.5
Evan Fournier,SF-SG,28,TOT,42,36,1259,7.1,15.5,0.457,3.3,8.1,0.413,3.7,7.4,0.504,3.1,3.9,0.788,0.3,3.4,3.7,4.1,1.3,0.5,2.1,2.7,20.6
De'Aaron Fox,PG,23,SAC,58,58,2036,9.4,19.6,0.477,1.8,5.7,0.322,7.5,14.0,0.539,5.3,7.4,0.719,0.6,3.0,3.6,7.4,1.5,0.5,3.1,3.0,25.8
Robert Franks,PF,24,ORL,7,0,101,4.6,10.0,0.464,1.8,5.3,0.333,2.9,4.6,0.615,4.3,4.6,0.923,2.1,2.9,5.0,1.8,1.1,1.1,0.7,2.9,15.3
Tim Frazier,PG,30,MEM,5,0,62,1.7,11.6,0.15,0.0,4.6,0.0,1.7,7.0,0.25,1.2,3.5,0.333,0.0,4.6,4.6,9.3,1.2,0.6,2.3,4.1,4.6
Enes Freedom,C,28,POR,72,35,1758,6.9,11.5,0.604,0.0,0.1,0.25,6.9,11.4,0.607,2.6,3.4,0.774,5.8,10.5,16.3,1.7,0.7,1.0,1.6,3.4,16.5
Markelle Fultz,PG,22,ORL,8,8,215,6.9,17.4,0.394,0.7,2.7,0.25,6.2,14.7,0.42,2.8,3.2,0.895,0.8,3.3,4.2,7.2,1.3,0.3,3.0,3.0,17.2
Wenyen Gabriel,PF,23,NOP,21,0,241,3.6,9.0,0.4,1.9,4.8,0.406,1.6,4.2,0.393,1.6,2.5,0.647,3.0,5.1,8.1,1.6,1.3,1.2,2.2,4.8,10.8
Daniel Gafford,PF-C,22,TOT,54,11,791,7.0,10.2,0.684,0.0,0.0,,7.0,10.2,0.684,3.3,4.9,0.667,4.3,6.2,10.5,1.3,1.2,3.4,1.9,4.5,17.3
Danilo Gallinari,PF,32,ATL,51,4,1222,6.1,14.0,0.434,3.0,7.5,0.406,3.0,6.5,0.466,4.7,5.1,0.925,0.5,5.7,6.2,2.2,0.9,0.3,1.3,3.1,19.9
Langston Galloway,SG,29,PHO,40,0,438,5.4,12.1,0.449,3.0,7.0,0.424,2.5,5.1,0.484,1.8,1.9,0.957,0.6,2.9,3.5,2.1,0.7,0.0,1.1,2.1,15.6
Darius Garland,PG,21,CLE,54,50,1790,7.3,16.1,0.451,2.1,5.3,0.395,5.2,10.8,0.479,2.3,2.7,0.848,0.5,2.1,2.6,6.6,1.3,0.1,3.3,2.2,18.9
Marc Gasol,C,36,LAL,52,42,993,3.2,7.0,0.454,1.8,4.4,0.41,1.4,2.6,0.528,1.3,1.8,0.72,1.4,6.4,7.8,4.0,0.9,2.1,1.9,4.2,9.5
Rudy Gay,PF,34,SAS,63,1,1358,7.0,16.6,0.42,2.8,7.4,0.381,4.2,9.3,0.451,2.2,2.7,0.804,1.1,6.9,8.0,2.3,1.2,1.1,1.7,3.0,19.0
Paul George,SF,30,LAC,54,54,1821,8.8,18.8,0.467,3.4,8.2,0.411,5.4,10.6,0.51,3.9,4.5,0.868,0.9,6.2,7.1,5.5,1.2,0.5,3.5,2.6,24.9
Taj Gibson,C,35,NYK,45,3,936,3.8,6.1,0.627,0.1,0.6,0.2,3.7,5.5,0.671,1.5,2.1,0.727,3.8,5.8,9.6,1.4,1.2,1.9,0.8,3.8,9.3
Harry Giles,C,22,POR,38,0,348,4.3,10.0,0.433,0.8,2.4,0.348,3.5,7.7,0.459,1.7,2.8,0.593,3.2,10.6,13.8,3.0,0.8,1.3,2.1,5.6,11.2
Shai Gilgeous-Alexander,SG,22,OKC,35,35,1180,8.8,17.2,0.508,2.2,5.2,0.418,6.6,12.1,0.547,5.6,7.0,0.808,0.6,4.5,5.1,6.3,0.8,0.7,3.2,2.1,25.3
Anthony Gill,PF,28,WAS,26,4,218,5.0,9.9,0.5,1.2,4.0,0.292,3.8,5.9,0.639,2.1,2.6,0.813,2.6,5.8,8.4,1.8,1.7,0.7,1.3,4.5,13.2
Freddie Gillespie,PF,23,TOR,20,2,392,4.0,7.7,0.524,0.0,0.0,,4.0,7.7,0.524,2.1,3.0,0.697,3.9,5.1,8.9,0.8,1.2,1.8,1.1,3.9,10.2
Rudy Gobert,C,28,UTA,71,71,2187,6.4,9.5,0.675,0.0,0.1,0.0,6.4,9.5,0.68,3.8,6.2,0.623,4.0,11.9,15.8,1.5,0.7,3.1,1.9,2.7,16.7
Brandon Goodwin,PG,25,ATL,47,5,620,4.9,12.9,0.377,1.9,6.0,0.311,3.0,7.0,0.433,1.6,2.5,0.651,0.5,3.5,4.0,5.5,1.0,0.0,2.1,2.4,13.2
Aaron Gordon,PF,25,TOT,50,50,1384,6.0,13.0,0.463,1.5,4.6,0.335,4.5,8.4,0.533,2.5,3.9,0.651,2.0,5.4,7.4,4.2,0.9,0.9,2.5,2.3,16.1
Eric Gordon,SG,32,HOU,27,13,789,7.3,16.7,0.433,3.1,9.6,0.329,4.1,7.2,0.573,4.3,5.2,0.825,0.4,2.3,2.6,3.2,0.6,0.6,2.3,2.0,21.9
Devonte' Graham,PG,25,CHO,55,44,1659,5.5,14.5,0.377,3.9,10.4,0.375,1.6,4.2,0.38,2.9,3.4,0.842,0.5,2.7,3.2,6.4,1.0,0.1,1.8,1.7,17.7
Jerami Grant,SF,26,DET,54,54,1829,7.9,18.3,0.429,2.3,6.5,0.35,5.6,11.9,0.473,5.7,6.8,0.845,0.7,4.2,4.9,3.0,0.7,1.1,2.1,2.5,23.7
Danny Green,SF,33,PHI,69,69,1934,4.2,10.1,0.412,3.3,8.0,0.405,0.9,2.1,0.438,0.6,0.7,0.775,1.0,3.8,4.8,2.2,1.7,1.0,1.2,2.3,12.2
Draymond Green,PF,30,GSW,63,63,1982,3.1,6.9,0.447,0.6,2.3,0.27,2.5,4.6,0.535,1.3,1.6,0.795,1.0,7.2,8.2,10.1,1.9,0.9,3.4,3.5,8.1
JaMychal Green,PF,30,DEN,58,5,1120,5.6,12.0,0.463,2.5,6.4,0.399,3.0,5.7,0.534,1.5,1.8,0.807,2.7,6.2,8.9,1.7,0.8,0.7,1.7,4.6,15.1
Javonte Green,SF-SG,27,TOT,41,2,473,4.0,7.8,0.52,0.8,2.3,0.333,3.3,5.5,0.597,2.3,3.0,0.75,2.0,3.4,5.4,1.3,2.1,0.5,1.4,3.4,11.1
Jeff Green,C,34,BRK,68,38,1835,5.1,10.4,0.492,2.0,4.9,0.412,3.1,5.5,0.564,2.5,3.2,0.776,0.7,4.5,5.2,2.1,0.7,0.5,1.1,2.4,14.7
Josh Green,SG,20,DAL,39,5,445,3.4,7.5,0.452,0.3,2.0,0.16,3.1,5.5,0.559,1.1,1.9,0.565,2.3,4.0,6.3,2.3,1.3,0.2,1.4,2.8,8.2
Blake Griffin,PF,31,TOT,46,30,1186,5.3,12.5,0.423,2.1,6.2,0.341,3.2,6.3,0.505,2.6,3.6,0.744,1.1,5.8,6.8,4.2,1.0,0.5,1.9,3.4,15.3
Kyle Guy,PG,23,SAC,31,0,235,4.4,13.5,0.33,2.0,7.0,0.283,2.5,6.4,0.381,2.5,3.1,0.8,0.8,4.6,5.4,4.9,0.9,0.0,1.7,3.1,13.3
Rui Hachimura,PF,22,WAS,57,57,1797,6.2,13.0,0.478,0.9,2.7,0.328,5.3,10.2,0.519,2.5,3.2,0.77,1.0,5.3,6.3,1.6,0.9,0.1,1.4,2.4,15.8
Ashton Hagans,PG,21,MIN,2,0,4,0.0,0.0,,0.0,0.0,,0.0,0.0,,0.0,0.0,,0.0,0.0,0.0,0.0,0.0,0.0,9.0,0.0,0.0
Tyrese Haliburton,PG,20,SAC,58,20,1746,6.0,12.8,0.472,2.5,6.1,0.409,3.5,6.7,0.529,1.0,1.2,0.857,0.8,2.8,3.6,6.4,1.6,0.6,1.9,1.7,15.5
Donta Hall,PF,23,ORL,13,0,179,5.0,7.0,0.714,0.0,0.0,,5.0,7.0,0.714,4.6,6.8,0.676,4.8,7.6,12.5,2.2,1.0,2.0,1.6,3.6,14.7
Josh Hall,SF,20,OKC,21,1,336,3.2,10.6,0.303,0.4,4.0,0.108,2.8,6.6,0.419,2.4,4.7,0.5,0.6,5.7,6.3,3.0,0.4,0.1,2.7,4.0,9.2
R.J. Hampton,SG-PG,19,TOT,51,1,888,5.5,12.7,0.435,1.1,3.5,0.31,4.4,9.2,0.482,2.2,3.3,0.671,1.2,6.1,7.3,3.5,0.9,0.4,2.1,2.5,14.4
Tim Hardaway Jr.,SG,28,DAL,70,31,1985,7.4,16.5,0.447,3.8,9.6,0.391,3.6,6.9,0.524,2.6,3.2,0.816,0.4,3.8,4.2,2.3,0.6,0.2,1.2,2.0,21.1
James Harden,PG-SG,31,TOT,44,43,1609,7.7,16.4,0.466,2.7,7.5,0.362,4.9,8.9,0.553,6.2,7.2,0.861,0.8,7.0,7.8,10.6,1.2,0.7,4.0,2.2,24.2
Maurice Harkless,PF-SF,27,TOT,37,23,772,3.2,7.7,0.418,1.1,3.9,0.274,2.1,3.8,0.568,1.5,2.0,0.767,0.6,3.5,4.2,2.1,1.4,0.9,1.0,4.0,9.0
Jared Harper,PG,23,NYK,8,0,16,0.0,9.0,0.0,0.0,2.3,0.0,0.0,6.8,0.0,6.8,9.0,0.75,0.0,4.5,4.5,2.3,0.0,0.0,6.8,2.3,6.8
Montrezl Harrell,C,27,LAL,69,1,1580,8.5,13.7,0.622,0.0,0.2,0.0,8.5,13.5,0.632,4.1,5.8,0.707,3.6,6.2,9.8,1.7,1.0,1.1,1.7,2.9,21.2
Gary Harris,SG,26,TOT,39,38,1080,4.6,11.5,0.4,1.6,4.7,0.34,3.0,6.8,0.441,2.1,2.6,0.821,0.7,1.9,2.6,2.6,0.9,0.4,1.2,2.4,12.9
Jalen Harris,SG,22,TOR,13,2,172,7.5,15.1,0.5,3.6,7.5,0.472,4.0,7.5,0.528,1.5,1.9,0.778,0.6,3.1,3.8,3.6,1.7,0.0,2.9,3.1,20.1
Joe Harris,SF,29,BRK,69,65,2141,6.0,11.9,0.505,3.5,7.5,0.475,2.5,4.4,0.555,0.8,1.1,0.778,0.7,3.4,4.2,2.2,0.8,0.2,1.0,2.4,16.4
Tobias Harris,PF,28,PHI,62,62,2014,8.5,16.5,0.512,1.5,3.7,0.394,7.0,12.8,0.546,3.3,3.6,0.892,1.1,6.4,7.5,3.9,1.0,0.9,1.9,2.1,21.6
Shaquille Harrison,SG,27,TOT,34,0,333,2.8,8.4,0.333,0.3,1.7,0.188,2.5,6.7,0.371,1.9,2.4,0.818,0.8,4.4,5.2,2.7,1.8,0.5,1.2,3.6,7.9
Josh Hart,SF,25,NOP,47,4,1349,4.0,9.2,0.439,1.7,5.2,0.326,2.3,4.0,0.583,1.8,2.4,0.775,1.4,8.6,10.1,2.9,1.0,0.3,1.3,3.0,11.6
Isaiah Hartenstein,C,22,TOT,46,2,559,6.1,11.0,0.55,0.1,0.4,0.333,5.9,10.6,0.558,3.0,4.6,0.648,4.2,7.5,11.7,3.5,1.2,2.5,2.8,6.7,15.2
Udonis Haslem,C,40,MIA,1,0,3,24.0,24.0,1.0,0.0,0.0,,24.0,24.0,1.0,0.0,0.0,,0.0,12.0,12.0,0.0,0.0,0.0,0.0,0.0,48.0
Jaxson Hayes,C,20,NOP,60,3,964,6.5,10.5,0.625,0.2,0.5,0.429,6.3,9.9,0.635,3.5,4.5,0.775,3.4,6.2,9.6,1.3,0.9,1.4,1.5,3.8,16.8
Killian Hayes,PG,19,DET,26,18,670,3.8,10.8,0.353,1.1,3.9,0.278,2.7,6.9,0.395,0.8,0.9,0.824,0.3,3.4,3.7,7.4,1.5,0.5,4.5,3.1,9.5
Gordon Hayward,SF,30,CHO,44,44,1496,7.5,15.8,0.473,2.0,4.9,0.415,5.4,10.9,0.499,3.8,4.5,0.843,0.9,5.3,6.2,4.4,1.3,0.3,2.2,1.8,20.8
Juancho Hernangómez,PF,25,MIN,52,6,900,5.2,12.0,0.435,2.2,6.7,0.327,3.0,5.2,0.573,2.4,3.9,0.619,1.8,6.4,8.2,1.4,0.8,0.3,1.1,2.1,15.0
Willy Hernangómez,C,26,NOP,47,12,846,6.4,11.4,0.563,0.0,0.4,0.1,6.4,11.0,0.581,2.6,4.0,0.667,5.0,9.2,14.2,2.1,0.9,1.0,1.4,2.9,15.5
Tyler Herro,SG,21,MIA,54,15,1635,6.8,15.4,0.439,2.4,6.5,0.36,4.4,8.9,0.498,2.1,2.6,0.803,0.6,5.4,5.9,4.1,0.8,0.4,2.2,1.6,17.9
Buddy Hield,SG,28,SAC,71,71,2433,6.0,14.7,0.406,4.2,10.7,0.391,1.8,4.0,0.446,1.3,1.5,0.846,0.4,4.5,4.9,3.8,0.9,0.4,1.9,2.6,17.4
George Hill,PG,34,TOT,30,17,672,5.1,10.6,0.482,1.7,4.3,0.388,3.4,6.3,0.547,2.1,2.7,0.8,0.9,2.4,3.3,3.9,1.2,0.3,1.7,1.7,14.0
Solomon Hill,PF,29,ATL,71,16,1513,2.5,7.1,0.359,1.6,5.0,0.321,0.9,2.0,0.453,0.8,1.1,0.761,1.0,4.1,5.1,1.8,1.2,0.3,1.0,2.8,7.5
Nate Hinton,SG,21,DAL,21,0,93,5.8,16.3,0.357,1.5,7.4,0.211,4.3,8.9,0.478,2.7,3.9,0.7,0.4,3.1,3.5,3.1,2.7,0.8,1.9,3.1,15.9
Jaylen Hoard,SF,21,OKC,19,0,320,5.0,9.9,0.5,0.0,1.2,0.0,5.0,8.7,0.571,3.2,4.6,0.683,2.4,5.0,7.3,2.7,1.5,0.6,1.9,2.1,13.1
Aaron Holiday,PG,24,IND,66,8,1176,5.2,13.3,0.39,2.1,5.6,0.368,3.2,7.8,0.406,2.1,2.5,0.819,0.5,2.3,2.7,3.8,1.4,0.4,2.0,2.9,14.5
Jrue Holiday,PG,30,MIL,59,56,1907,7.8,15.5,0.503,2.1,5.3,0.392,5.7,10.2,0.561,2.0,2.6,0.787,1.4,3.7,5.1,6.7,1.8,0.7,2.4,1.9,19.7
Justin Holiday,SG,31,IND,72,52,2183,4.3,10.3,0.413,2.9,7.5,0.382,1.4,2.8,0.494,1.1,1.4,0.788,0.5,3.7,4.2,2.0,1.2,0.7,0.9,2.2,12.5
Rondae Hollis-Jefferson,PF,26,POR,11,1,107,3.0,6.1,0.5,0.0,0.3,0.0,3.0,5.7,0.529,3.0,5.4,0.563,3.7,5.0,8.7,4.4,0.7,1.3,0.7,5.0,9.1
Richaun Holmes,C,27,SAC,61,61,1782,7.4,11.6,0.637,0.0,0.2,0.182,7.4,11.4,0.645,2.7,3.4,0.794,2.9,7.3,10.2,2.0,0.8,1.9,1.5,4.3,17.6
Rodney Hood,SF,28,TOT,55,5,942,3.6,9.9,0.362,1.3,4.3,0.301,2.3,5.6,0.408,0.9,1.1,0.857,0.9,3.1,3.9,2.0,0.9,0.3,1.4,2.8,9.4
Al Horford,C,34,OKC,28,28,782,7.5,16.6,0.45,2.6,7.0,0.368,4.9,9.6,0.51,0.8,1.0,0.818,1.3,7.3,8.7,4.3,1.2,1.2,1.3,2.2,18.3
Talen Horton-Tucker,SG,20,LAL,65,4,1304,6.2,13.5,0.458,1.0,3.6,0.282,5.2,9.9,0.522,2.8,3.6,0.775,0.7,4.0,4.7,5.0,1.7,0.6,2.9,3.5,16.2
Danuel House Jr.,SF,27,HOU,36,23,932,4.2,10.5,0.404,2.1,6.0,0.346,2.2,4.5,0.483,1.6,2.4,0.651,0.7,4.4,5.1,2.7,0.8,0.6,1.4,2.6,12.2
Dwight Howard,C,35,PHI,69,6,1196,5.4,9.1,0.587,0.2,0.6,0.25,5.2,8.5,0.611,3.6,6.3,0.576,5.7,11.7,17.5,1.8,0.9,1.9,3.4,6.0,14.5
Markus Howard,SG,21,DEN,37,1,205,7.0,18.6,0.377,3.2,11.4,0.277,3.9,7.2,0.537,1.2,1.6,0.778,0.2,3.5,3.7,3.2,0.7,0.2,3.2,4.0,18.4
Kevin Huerter,SG,22,ATL,69,49,2126,5.4,12.4,0.432,2.4,6.5,0.363,3.0,5.8,0.51,0.8,1.1,0.781,0.6,3.3,3.9,4.1,1.4,0.3,1.3,2.8,13.9
Elijah Hughes,SF,22,UTA,18,0,64,5.6,16.9,0.333,4.5,12.9,0.348,1.1,3.9,0.286,1.7,2.3,0.75,0.6,4.5,5.1,3.4,0.6,0.6,3.4,0.6,17.4
De'Andre Hunter,SF,23,ATL,23,19,678,6.4,13.2,0.484,1.6,5.0,0.326,4.7,8.1,0.582,3.9,4.5,0.859,0.9,4.9,5.8,2.3,1.0,0.6,1.5,3.1,18.3
Chandler Hutchison,SF,24,TOT,25,1,346,4.1,10.7,0.379,0.8,2.3,0.364,3.2,8.4,0.383,2.2,2.6,0.84,0.6,7.5,8.1,1.8,1.2,0.5,2.1,3.4,11.1
Serge Ibaka,C,31,LAC,41,39,955,7.0,13.8,0.51,1.5,4.3,0.339,5.5,9.4,0.588,1.6,2.0,0.811,2.8,7.6,10.4,2.8,0.3,1.8,1.7,2.9,17.1
Andre Iguodala,SF,37,MIA,63,5,1339,2.6,6.7,0.383,1.6,4.9,0.33,0.9,1.8,0.53,0.7,1.0,0.658,1.0,4.9,5.9,3.8,1.5,0.9,1.8,2.4,7.4
Ersan İlyasova,PF,33,UTA,17,1,148,5.1,13.1,0.389,4.4,10.0,0.439,0.7,3.2,0.231,1.2,1.2,1.0,1.7,5.4,7.1,1.0,2.4,0.7,1.9,7.1,15.8
Joe Ingles,SF,33,UTA,67,30,1867,5.3,10.8,0.489,3.5,7.8,0.451,1.8,3.0,0.59,1.5,1.7,0.844,0.5,4.2,4.7,6.1,0.9,0.2,2.3,2.3,15.6
Brandon Ingram,SF,23,NOP,61,61,2093,8.8,18.9,0.466,2.5,6.5,0.381,6.4,12.5,0.51,4.8,5.5,0.878,0.6,4.6,5.1,5.1,0.7,0.6,2.6,2.1,24.9
Kyrie Irving,PG,28,BRK,54,54,1886,10.5,20.7,0.506,2.9,7.2,0.402,7.6,13.5,0.561,3.8,4.2,0.922,1.0,3.9,4.9,6.2,1.5,0.7,2.5,2.7,27.7
Wes Iwundu,SF,26,TOT,41,4,539,2.3,6.8,0.333,0.3,2.7,0.122,1.9,4.1,0.475,1.7,2.1,0.839,1.0,5.0,6.0,1.2,1.0,0.3,1.3,3.3,6.6
Frank Jackson,PG,22,DET,40,6,738,6.5,14.3,0.457,3.0,7.3,0.407,3.6,7.0,0.51,3.0,3.7,0.813,0.7,3.5,4.2,1.8,0.7,0.0,1.7,2.6,19.0
Jaren Jackson Jr.,C,21,MEM,11,4,258,7.4,17.4,0.424,2.4,8.4,0.283,5.0,9.1,0.554,4.9,5.9,0.833,2.4,6.3,8.7,1.7,1.7,2.5,2.1,5.9,22.0
Josh Jackson,SG,23,DET,62,25,1560,6.8,16.3,0.419,1.8,5.9,0.3,5.1,10.4,0.487,3.7,5.0,0.729,1.3,4.5,5.9,3.3,1.2,1.1,3.3,4.1,19.1
Justin Jackson,SF,25,TOT,34,3,577,5.6,13.8,0.403,2.2,7.3,0.308,3.3,6.5,0.51,1.9,2.3,0.838,1.0,3.8,4.8,3.2,0.9,0.1,2.0,2.0,15.3
Reggie Jackson,SG,30,LAC,67,43,1544,6.1,13.6,0.45,2.8,6.6,0.433,3.3,7.1,0.465,1.6,1.9,0.817,0.6,3.9,4.5,4.8,1.0,0.2,1.7,3.0,16.7
Justin James,SF,24,SAC,36,0,310,6.0,12.9,0.468,1.6,4.4,0.368,4.4,8.5,0.521,2.4,4.2,0.583,1.0,2.4,3.5,2.6,0.9,0.3,1.7,2.7,16.1
LeBron James,PG,36,LAL,45,45,1504,10.1,19.7,0.513,2.5,6.8,0.365,7.6,12.9,0.591,4.3,6.1,0.698,0.7,7.6,8.3,8.4,1.1,0.6,4.0,1.7,27.0
Mike James,PG,30,BRK,13,1,236,5.2,14.0,0.37,1.7,4.7,0.355,3.5,9.3,0.377,3.2,4.1,0.778,0.5,4.4,4.9,8.2,0.9,0.2,3.1,1.5,15.3
DaQuan Jeffries,SG,23,TOT,31,5,493,3.7,8.8,0.417,1.5,4.9,0.299,2.2,3.9,0.566,0.5,0.6,0.875,1.4,3.8,5.2,1.6,1.1,0.7,1.0,3.5,9.3
Ty Jerome,SG,23,OKC,33,1,788,5.8,13.1,0.446,3.2,7.7,0.423,2.6,5.4,0.479,1.2,1.6,0.765,0.5,3.7,4.2,5.5,0.9,0.3,2.1,2.8,16.1
Isaiah Joe,SG,21,PHI,41,1,383,4.5,12.5,0.361,3.7,10.0,0.368,0.8,2.5,0.333,1.7,2.3,0.75,0.6,2.8,3.4,1.9,1.1,0.4,1.0,3.2,14.4
Alize Johnson,PF,24,BRK,18,0,189,7.6,13.0,0.588,0.2,1.1,0.167,7.4,11.8,0.629,2.5,2.5,1.0,5.1,12.0,17.1,2.7,1.0,1.0,1.7,3.0,17.9
Cameron Johnson,PF,24,PHO,60,11,1437,5.1,12.1,0.42,2.9,8.4,0.349,2.2,3.7,0.581,1.3,1.5,0.847,0.8,4.2,5.0,2.2,0.9,0.4,1.0,2.1,14.4
James Johnson,PF,33,TOT,51,12,1043,5.0,11.3,0.446,1.1,4.1,0.258,4.0,7.1,0.556,1.6,2.6,0.592,1.1,5.0,6.1,3.4,1.4,1.4,1.9,4.1,12.7
Keldon Johnson,SF,21,SAS,69,67,1968,6.2,12.9,0.479,1.1,3.3,0.331,5.1,9.6,0.531,2.7,3.6,0.74,1.7,5.8,7.5,2.2,0.7,0.4,1.4,2.6,16.1
Stanley Johnson,PF,24,TOR,61,13,1006,3.2,8.3,0.382,1.6,4.9,0.328,1.6,3.4,0.458,1.6,2.0,0.8,1.0,4.4,5.5,3.2,1.9,0.6,1.9,4.2,9.6
Tyler Johnson,SG,28,BRK,39,3,684,3.8,9.6,0.393,2.5,6.9,0.364,1.3,2.7,0.471,0.9,1.1,0.857,0.3,3.7,4.1,2.5,0.7,0.0,0.9,2.3,11.1
Nikola Jokić,C,25,DEN,72,72,2488,10.6,18.7,0.566,1.3,3.4,0.388,9.3,15.3,0.606,4.9,5.7,0.868,3.0,8.3,11.3,8.7,1.4,0.7,3.2,2.8,27.5
Damian Jones,C,25,TOT,39,10,547,4.6,6.8,0.68,0.1,0.3,0.2,4.5,6.4,0.704,2.8,3.8,0.724,2.4,5.6,8.0,1.9,0.7,1.9,1.7,5.1,12.0
Derrick Jones Jr.,SF,23,POR,58,43,1318,4.0,8.3,0.484,1.2,3.7,0.316,2.8,4.6,0.619,1.6,2.5,0.648,2.1,3.5,5.6,1.3,1.0,1.5,0.9,3.5,10.8
Mason Jones,SG,22,TOT,32,1,334,5.6,13.3,0.423,2.6,7.1,0.364,3.0,6.1,0.491,4.3,6.9,0.625,0.8,5.2,5.9,4.5,0.8,0.1,3.1,2.6,18.1
Tre Jones,PG,21,SAS,37,1,269,5.0,10.4,0.474,0.4,0.7,0.6,4.6,9.8,0.466,2.3,2.5,0.895,1.1,1.7,2.8,5.2,1.1,0.0,1.7,1.7,12.6
Tyus Jones,PG,24,MEM,70,9,1222,5.2,12.2,0.431,1.3,4.1,0.321,3.9,8.0,0.487,1.2,1.3,0.911,0.6,3.5,4.1,7.6,1.9,0.2,1.4,0.9,13.0
DeAndre Jordan,C,32,BRK,57,43,1246,5.5,7.2,0.763,0.0,0.0,0.0,5.5,7.2,0.766,1.3,2.7,0.5,3.4,9.0,12.3,2.7,0.5,1.9,2.5,3.4,12.3
Cory Joseph,PG,29,TOT,63,13,1446,5.0,10.6,0.469,1.1,3.3,0.341,3.9,7.3,0.527,1.8,2.2,0.818,0.9,3.1,4.0,5.3,1.5,0.4,2.0,3.5,12.9
Mfiondu Kabengele,PF,23,TOT,39,0,280,4.2,11.4,0.371,1.7,6.4,0.26,2.6,5.0,0.513,2.1,2.6,0.8,1.5,6.2,7.7,2.2,1.0,1.7,1.9,4.6,12.2
Frank Kaminsky,C,27,PHO,47,13,715,6.1,12.9,0.471,1.6,4.3,0.365,4.5,8.7,0.523,1.9,3.0,0.617,1.8,7.7,9.5,4.0,0.7,0.9,1.1,3.5,15.6
Luke Kennard,SG,24,LAC,63,17,1232,5.8,12.1,0.476,2.9,6.5,0.446,2.8,5.6,0.511,0.8,0.9,0.839,0.4,4.3,4.7,3.0,0.7,0.3,1.4,2.7,15.2
Louis King,SF,21,SAC,6,1,85,7.2,14.4,0.5,1.7,4.7,0.364,5.5,9.7,0.565,2.5,2.5,1.0,2.1,5.5,7.6,3.8,3.0,1.3,1.7,3.8,18.6
Maxi Kleber,PF,29,DAL,50,40,1341,3.1,7.4,0.422,2.3,5.7,0.41,0.8,1.7,0.46,0.9,1.0,0.919,1.3,5.7,7.0,1.8,0.6,0.9,0.8,2.8,9.5
Nathan Knight,PF,23,ATL,33,0,279,4.8,12.9,0.37,0.8,4.3,0.182,4.0,8.6,0.463,5.7,7.1,0.8,3.5,5.8,9.3,1.0,1.2,1.3,1.9,2.8,16.0
Kevin Knox,SF,21,NYK,42,0,464,4.3,11.1,0.392,2.7,6.9,0.393,1.6,4.2,0.389,1.2,1.6,0.8,0.8,4.0,4.7,1.5,0.9,0.5,1.3,2.9,12.6
John Konchar,SG,24,MEM,43,0,575,4.3,8.6,0.5,1.3,3.5,0.375,3.0,5.1,0.585,1.6,1.9,0.833,2.2,5.8,8.0,2.9,1.9,0.6,1.1,2.5,11.5
Furkan Korkmaz,SG,23,PHI,55,11,1062,5.8,14.4,0.401,3.4,9.1,0.375,2.3,5.3,0.445,2.0,2.8,0.732,0.6,3.3,3.8,2.8,1.7,0.3,1.6,2.2,17.0
Luke Kornet,C-PF,25,TOT,31,2,348,4.6,10.4,0.436,1.6,6.1,0.254,3.0,4.3,0.69,0.3,0.6,0.5,1.4,5.5,6.9,2.5,0.4,3.3,0.7,2.1,11.0
Rodions Kurucs,SF-PF,22,TOT,21,0,125,3.2,9.2,0.344,1.7,6.0,0.286,1.4,3.2,0.455,0.9,1.2,0.75,1.4,5.2,6.6,2.9,2.6,1.2,3.7,4.6,8.9
Kyle Kuzma,SF,25,LAL,68,32,1954,6.2,13.9,0.443,2.5,7.0,0.361,3.6,6.9,0.525,1.2,1.8,0.691,2.0,5.7,7.7,2.3,0.6,0.8,2.1,2.2,16.1
Anthony Lamb,SF,23,HOU,24,3,415,4.0,10.2,0.39,2.0,6.2,0.324,2.0,4.1,0.489,1.6,1.8,0.857,2.3,3.7,6.1,2.0,0.5,0.4,1.6,2.9,11.5
Jeremy Lamb,SG,28,IND,36,8,765,5.6,13.0,0.435,2.4,6.0,0.406,3.2,7.0,0.459,3.3,3.5,0.947,1.2,5.0,6.2,2.5,1.6,1.1,1.0,3.4,17.1
Romeo Langford,SG,21,BOS,18,4,283,2.7,7.5,0.356,0.6,2.3,0.278,2.0,5.2,0.39,1.1,1.5,0.75,1.5,2.9,4.5,1.7,0.8,0.6,1.3,3.1,7.1
Zach LaVine,SG,25,CHI,58,58,2034,10.1,19.9,0.507,3.5,8.4,0.419,6.5,11.4,0.571,4.5,5.3,0.849,0.6,4.5,5.1,5.0,0.8,0.5,3.6,2.4,28.2
Jake Layman,SF,26,MIN,45,11,627,5.2,10.6,0.495,1.3,4.5,0.295,3.9,6.1,0.642,1.5,2.1,0.703,0.7,3.1,3.8,1.6,1.7,1.1,1.5,2.5,13.3
T.J. Leaf,PF,23,POR,7,0,35,5.1,10.3,0.5,0.0,0.0,,5.1,10.3,0.5,2.1,2.1,1.0,0.0,5.1,5.1,1.0,2.1,1.0,2.1,1.0,12.3
Jalen Lecque,PG,20,IND,4,0,12,3.0,27.0,0.111,0.0,3.0,0.0,3.0,24.0,0.125,9.0,9.0,1.0,6.0,9.0,15.0,6.0,0.0,0.0,0.0,0.0,15.0
Damion Lee,SG,28,GSW,57,1,1079,4.3,9.1,0.467,2.6,6.5,0.397,1.7,2.7,0.638,1.3,1.5,0.909,0.7,5.3,6.0,2.4,1.3,0.3,1.0,3.0,12.4
Saben Lee,PG,21,DET,48,7,781,4.6,9.7,0.471,0.4,1.1,0.348,4.2,8.6,0.487,2.8,4.1,0.685,0.9,3.5,4.5,8.0,1.5,0.6,2.5,3.5,12.3
Alex Len,C,27,TOT,64,42,979,6.3,10.2,0.615,0.3,0.9,0.32,6.0,9.3,0.644,2.7,4.3,0.629,2.9,6.7,9.6,1.8,0.7,2.4,2.0,4.7,15.6
Kawhi Leonard,SF,29,LAC,52,52,1773,9.4,18.4,0.512,2.1,5.2,0.398,7.4,13.3,0.557,5.3,6.0,0.885,1.1,5.7,6.8,5.5,1.6,0.4,2.1,1.7,26.2
Meyers Leonard,C,28,MIA,3,2,29,3.7,8.7,0.429,3.7,8.7,0.429,0.0,0.0,,1.2,2.5,0.5,0.0,8.7,8.7,2.5,0.0,0.0,2.5,6.2,12.4
Caris LeVert,SG,26,TOT,47,39,1486,8.7,19.7,0.441,2.0,6.3,0.326,6.7,13.5,0.495,3.5,4.4,0.811,0.8,4.4,5.2,5.9,1.6,0.7,2.5,2.5,23.0
Kira Lewis Jr.,PG,19,NOP,54,0,904,5.2,13.4,0.386,1.6,4.8,0.333,3.6,8.6,0.415,1.7,2.0,0.843,0.5,2.3,2.8,4.9,1.5,0.4,1.4,3.5,13.7
Damian Lillard,PG,30,POR,67,67,2398,9.0,20.0,0.451,4.1,10.6,0.391,4.9,9.5,0.519,6.7,7.3,0.928,0.5,3.8,4.2,7.6,0.9,0.3,3.0,1.5,28.9
Nassir Little,PF,20,POR,48,2,640,4.4,9.4,0.467,1.6,4.5,0.35,2.8,4.9,0.575,2.0,2.5,0.8,1.8,5.4,7.2,1.3,0.3,0.7,1.0,2.9,12.4
Kevon Looney,C,24,GSW,61,34,1161,3.3,6.1,0.548,0.1,0.5,0.235,3.2,5.6,0.578,1.0,1.5,0.646,3.6,6.4,10.0,3.7,0.7,0.7,1.1,4.2,7.8
Brook Lopez,C,32,MIL,70,70,1902,6.1,12.1,0.503,1.8,5.3,0.338,4.3,6.8,0.632,2.3,2.7,0.845,2.0,4.6,6.6,0.9,0.8,1.9,1.2,2.8,16.3
Robin Lopez,C,32,WAS,71,9,1354,7.2,11.3,0.633,0.1,0.5,0.278,7.0,10.8,0.649,2.6,3.6,0.723,3.7,3.5,7.2,1.5,0.4,1.2,2.0,2.9,17.1
Didi Louzada,SF,21,NOP,3,0,56,1.9,8.4,0.231,1.3,5.1,0.25,0.6,3.2,0.2,0.0,0.0,,0.6,1.3,1.9,1.9,1.3,0.0,1.9,3.2,5.1
Kevin Love,PF,32,CLE,25,25,622,6.0,14.6,0.409,3.3,9.0,0.365,2.7,5.6,0.479,2.4,3.0,0.824,1.0,9.8,10.8,3.6,0.9,0.1,2.2,1.5,17.7
Kyle Lowry,PG,34,TOR,46,46,1601,5.8,13.4,0.436,2.9,7.4,0.396,2.9,6.0,0.487,3.1,3.6,0.875,0.8,4.8,5.6,7.6,1.0,0.3,2.8,3.2,17.8
Timothé Luwawu-Cabarrot,SF,25,BRK,58,7,1050,4.5,12.2,0.365,2.6,8.2,0.314,1.9,4.0,0.47,1.2,1.5,0.814,1.0,3.5,4.4,2.4,1.1,0.2,1.5,3.4,12.7
Trey Lyles,PF,25,SAS,23,9,358,4.3,9.1,0.478,1.4,4.0,0.35,2.9,5.0,0.58,1.5,2.3,0.652,0.9,7.7,8.6,1.4,0.6,0.1,0.6,1.3,11.6
Will Magnay,C,22,NOP,1,0,3,0.0,12.0,0.0,0.0,12.0,0.0,0.0,0.0,,0.0,0.0,,0.0,0.0,0.0,0.0,0.0,0.0,12.0,12.0,0.0
Thon Maker,C,23,CLE,8,0,76,4.7,8.5,0.556,0.0,0.9,0.0,4.7,7.6,0.625,4.7,5.2,0.909,3.8,4.7,8.5,1.9,0.9,1.9,1.4,3.3,14.2
Théo Maledon,PG,19,OKC,65,49,1778,4.6,12.4,0.368,2.1,6.3,0.335,2.4,6.1,0.402,2.0,2.7,0.748,0.5,3.8,4.3,4.6,1.1,0.2,2.9,2.6,13.3
Karim Mané,PG,20,ORL,10,0,88,1.2,5.3,0.231,0.4,0.8,0.5,0.8,4.5,0.182,1.6,2.0,0.8,0.4,5.3,5.7,1.6,0.0,0.8,1.2,4.1,4.5
Terance Mann,SG,24,LAC,67,10,1263,5.1,10.0,0.509,1.1,2.6,0.418,4.0,7.4,0.541,2.2,2.7,0.83,1.6,5.3,6.9,3.0,0.8,0.4,1.1,3.6,13.5
Nico Mannion,PG,19,GSW,30,1,364,3.9,11.3,0.342,2.2,5.9,0.367,1.7,5.3,0.315,2.3,2.8,0.821,0.6,4.0,4.5,6.9,1.6,0.1,3.1,2.9,12.2
Boban Marjanović,C,32,DAL,33,3,271,8.2,16.2,0.508,0.1,1.1,0.125,8.1,15.1,0.535,4.1,5.0,0.816,6.2,10.8,17.0,1.3,0.3,0.8,1.6,3.9,20.7
Lauri Markkanen,PF,23,CHI,51,26,1317,6.8,14.2,0.48,3.3,8.1,0.402,3.6,6.2,0.582,2.1,2.5,0.826,1.0,6.4,7.3,1.2,0.7,0.4,1.4,2.1,19.0
Naji Marshall,SF,23,NOP,32,10,700,4.2,10.7,0.392,1.5,4.3,0.349,2.7,6.5,0.421,2.7,3.9,0.707,0.8,6.8,7.6,4.5,1.3,0.5,2.0,3.0,12.7
Caleb Martin,SF,25,CHO,53,3,818,4.2,11.3,0.375,1.4,5.5,0.248,2.9,5.8,0.496,1.8,2.8,0.641,1.4,4.8,6.2,2.9,1.6,0.5,1.5,2.7,11.6
Cody Martin,SF,25,CHO,52,10,849,3.5,8.0,0.441,0.7,2.5,0.276,2.8,5.5,0.515,1.1,1.8,0.581,2.2,4.6,6.8,3.6,1.6,0.5,1.7,2.2,8.8
Jeremiah Martin,PG,24,CLE,9,0,75,4.3,15.8,0.273,1.4,5.8,0.25,2.9,10.1,0.286,0.5,2.4,0.2,1.0,2.4,3.4,1.9,2.4,1.0,2.9,0.5,10.6
Kelan Martin,SF,25,IND,35,0,322,6.9,15.4,0.449,2.7,6.7,0.4,4.2,8.7,0.487,1.0,1.1,0.9,2.0,6.7,8.7,1.9,1.1,1.1,1.8,3.9,17.6
Kenyon Martin Jr.,SF,20,HOU,45,8,1068,5.5,10.7,0.509,1.2,3.2,0.365,4.3,7.5,0.572,2.0,2.8,0.714,2.5,5.7,8.2,1.6,1.0,1.4,1.3,3.0,14.1
Frank Mason III,PG,26,ORL,4,1,79,4.1,10.9,0.375,0.9,2.3,0.4,3.2,8.7,0.368,2.3,3.2,0.714,1.4,4.1,5.5,5.5,0.0,0.0,2.3,3.2,11.4
Garrison Mathews,SG,24,WAS,64,24,1038,3.4,8.2,0.409,2.6,6.9,0.384,0.7,1.4,0.538,2.9,3.3,0.884,0.6,2.5,3.0,0.9,1.0,0.2,0.3,3.7,12.3
Dakota Mathias,SG,25,PHI,8,2,123,5.6,14.0,0.396,2.3,7.6,0.308,3.2,6.4,0.5,0.6,1.8,0.333,0.3,1.8,2.0,3.8,0.3,0.9,0.3,2.0,14.0
Wesley Matthews,SG,34,LAL,58,10,1130,2.8,8.0,0.353,2.1,6.3,0.335,0.7,1.8,0.418,1.1,1.3,0.854,0.6,2.3,3.0,1.7,1.2,0.5,0.8,2.5,8.9
Tyrese Maxey,SG,20,PHI,61,8,935,7.6,16.5,0.462,1.2,4.0,0.301,6.4,12.6,0.512,2.3,2.7,0.871,0.4,3.6,4.0,4.6,1.0,0.5,1.6,3.0,18.8
Skylar Mays,SG,23,ATL,33,0,269,5.9,13.1,0.449,1.9,5.4,0.35,4.0,7.8,0.517,2.9,3.3,0.88,1.3,3.3,4.7,4.0,1.9,0.3,1.2,2.0,16.6
Patrick McCaw,SF,25,TOR,5,0,33,1.1,1.1,1.0,0.0,0.0,,1.1,1.1,1.0,3.3,3.3,1.0,1.1,2.2,3.3,4.4,2.2,0.0,0.0,6.5,5.5
CJ McCollum,SG,29,POR,47,47,1600,9.1,19.9,0.458,3.8,9.5,0.402,5.3,10.4,0.509,2.4,3.0,0.812,0.7,3.5,4.2,5.0,1.0,0.5,1.5,2.0,24.5
T.J. McConnell,PG,28,IND,69,3,1796,5.5,9.8,0.559,0.3,1.0,0.313,5.2,8.9,0.586,0.7,1.0,0.688,1.1,4.0,5.1,9.1,2.6,0.5,2.7,2.3,11.9
Jaden McDaniels,PF,20,MIN,63,27,1511,3.9,8.7,0.447,1.7,4.7,0.364,2.2,4.0,0.544,0.6,1.1,0.6,1.2,4.3,5.5,1.7,0.8,1.4,1.1,4.1,10.2
Jalen McDaniels,SF,23,CHO,47,18,904,5.3,11.3,0.468,1.4,4.2,0.333,3.9,7.1,0.547,1.8,2.5,0.703,1.8,4.9,6.7,2.1,1.1,0.8,1.8,3.8,13.8
Doug McDermott,PF,29,IND,66,29,1619,7.9,14.8,0.532,2.5,6.4,0.388,5.4,8.4,0.641,1.8,2.2,0.816,1.3,3.6,4.9,1.9,0.4,0.1,1.2,2.6,20.0
Sean McDermott,SF,24,MEM,18,0,158,3.0,7.5,0.394,1.1,5.0,0.227,1.8,2.5,0.727,1.8,1.8,1.0,1.4,3.0,4.3,0.9,0.5,0.7,0.9,1.8,8.9
JaVale McGee,C,33,TOT,46,2,678,7.6,15.0,0.511,0.3,1.3,0.208,7.4,13.7,0.539,2.3,3.6,0.657,4.1,8.6,12.7,2.1,1.0,2.9,3.2,6.4,17.9
Rodney McGruder,SG,29,DET,16,2,194,6.9,13.0,0.529,2.0,4.5,0.458,4.8,8.5,0.565,1.1,1.5,0.75,1.5,2.6,4.1,3.0,1.5,0.2,1.3,2.2,16.9
Alfonzo McKinnie,SF,28,LAL,39,0,258,6.7,13.0,0.516,2.2,5.4,0.41,4.5,7.5,0.593,1.4,2.5,0.556,3.1,4.5,7.5,0.8,1.0,0.0,0.7,3.6,17.0
Jordan McLaughlin,PG,24,MIN,51,2,938,3.8,9.3,0.413,1.3,3.5,0.359,2.6,5.8,0.447,0.9,1.2,0.767,0.8,3.3,4.1,7.4,2.0,0.2,2.0,1.7,9.8
Ben McLemore,SG,27,TOT,53,5,905,5.4,14.5,0.37,3.9,11.1,0.346,1.5,3.4,0.447,1.6,2.1,0.736,0.6,3.4,4.0,1.6,0.9,0.4,1.7,3.5,16.2
Nicolò Melli,PF,30,TOT,45,4,566,2.9,9.0,0.326,1.5,5.4,0.271,1.5,3.6,0.411,1.2,1.6,0.76,1.8,5.9,7.8,2.8,0.9,0.2,0.8,3.7,8.5
De'Anthony Melton,PG,22,MEM,52,1,1045,5.9,13.5,0.438,3.0,7.3,0.412,2.9,6.3,0.467,1.4,1.8,0.804,1.0,4.5,5.5,4.5,2.1,1.1,2.3,2.9,16.3
Sam Merrill,SG,24,MIL,30,2,233,4.9,11.1,0.444,3.2,7.3,0.447,1.7,3.9,0.44,0.6,0.6,1.0,0.9,3.7,4.6,3.2,1.2,0.2,1.5,2.6,13.8
Chimezie Metu,C,23,SAC,36,6,488,6.7,13.2,0.508,1.0,2.7,0.351,5.8,10.5,0.549,2.3,3.2,0.721,2.3,6.0,8.3,2.1,1.0,1.3,2.1,4.4,16.7
Khris Middleton,SF,29,MIL,68,68,2269,8.1,17.0,0.476,2.4,5.8,0.414,5.7,11.2,0.508,3.4,3.7,0.898,0.9,5.6,6.4,5.9,1.2,0.1,2.8,2.5,22.0
Darius Miller,SF,30,OKC,18,0,197,4.0,8.8,0.458,3.1,7.7,0.405,0.9,1.1,0.833,2.2,2.2,1.0,0.4,4.0,4.4,3.8,2.4,0.9,1.5,2.4,13.3
Patty Mills,PG,32,SAS,68,1,1685,5.4,13.1,0.412,3.4,9.2,0.375,1.9,3.9,0.5,1.5,1.7,0.91,0.4,2.1,2.5,3.5,0.9,0.1,1.4,1.7,15.7
Paul Millsap,PF,35,DEN,56,36,1162,5.9,12.4,0.476,1.5,4.4,0.343,4.4,8.0,0.55,2.2,3.0,0.724,2.4,5.8,8.1,3.0,1.6,1.1,1.6,3.4,15.6
Shake Milton,SG,24,PHI,63,4,1461,7.4,16.4,0.45,1.7,5.0,0.35,5.6,11.4,0.494,3.6,4.3,0.83,0.8,2.8,3.6,4.8,1.0,0.4,2.5,3.2,20.1
Donovan Mitchell,PG,24,UTA,53,53,1771,9.7,22.2,0.438,3.6,9.4,0.386,6.1,12.8,0.476,5.4,6.4,0.845,1.0,3.8,4.8,5.6,1.1,0.3,3.0,2.4,28.5
Adam Mokoka,SG,22,CHI,14,0,56,4.5,12.2,0.368,0.6,6.4,0.1,3.9,5.8,0.667,0.0,0.6,0.0,0.6,2.6,3.2,3.2,1.3,0.6,3.2,3.2,9.6
Malik Monk,SG,22,CHO,42,0,878,7.1,16.4,0.434,3.5,8.7,0.401,3.6,7.7,0.471,2.4,3.0,0.819,0.6,3.6,4.1,3.6,0.8,0.2,2.3,1.9,20.1
E'Twaun Moore,SG,31,PHO,27,1,389,5.1,11.2,0.455,1.0,3.2,0.314,4.1,8.0,0.512,1.1,1.3,0.857,1.3,2.9,4.2,3.7,1.4,0.5,2.1,3.0,12.3
Ja Morant,PG,21,MEM,63,63,2053,7.5,16.8,0.449,1.3,4.2,0.303,6.3,12.6,0.499,4.8,6.5,0.728,1.0,3.4,4.4,8.2,1.0,0.2,3.6,1.5,21.1
Juwan Morgan,PF,23,UTA,29,0,147,3.4,7.3,0.467,1.0,3.2,0.308,2.4,4.2,0.588,0.7,1.7,0.429,2.2,4.7,6.9,2.2,1.0,0.2,1.0,5.1,8.6
Marcus Morris,PF,31,LAC,57,29,1502,6.6,14.0,0.473,3.4,7.1,0.473,3.3,6.9,0.472,1.7,2.1,0.82,0.8,4.8,5.6,1.4,0.8,0.4,1.4,2.8,18.3
Markieff Morris,PF,31,LAL,61,27,1200,4.6,11.3,0.405,1.9,6.3,0.311,2.6,5.1,0.521,1.1,1.5,0.72,1.4,6.5,8.0,2.2,0.7,0.6,1.6,3.2,12.2
Monte Morris,PG,25,DEN,47,13,1196,5.6,11.6,0.481,1.5,4.0,0.381,4.1,7.6,0.534,1.7,2.2,0.795,0.3,2.6,2.9,4.5,1.0,0.4,1.0,1.4,14.5
Mychal Mulder,PG,26,GSW,60,6,766,5.6,12.5,0.449,4.0,10.1,0.397,1.6,2.4,0.667,0.7,1.0,0.636,0.4,2.4,2.8,1.2,0.6,0.6,0.8,2.6,15.8
Dejounte Murray,PG,24,SAS,67,67,2139,7.4,16.4,0.453,1.1,3.3,0.317,6.4,13.0,0.488,1.8,2.3,0.791,1.0,7.0,8.0,6.1,1.7,0.1,2.0,2.3,17.7
Jamal Murray,PG,23,DEN,48,48,1704,8.0,16.7,0.477,2.7,6.7,0.408,5.3,10.1,0.523,2.8,3.2,0.869,0.8,3.3,4.1,4.9,1.4,0.3,2.3,2.0,21.5
Mike Muscala,C,29,OKC,35,0,645,6.6,14.9,0.446,3.8,10.3,0.37,2.8,4.6,0.614,1.8,2.0,0.917,1.1,6.3,7.4,1.6,0.4,0.6,1.2,3.0,18.9
Svi Mykhailiuk,SF-SG,23,TOT,66,14,1324,5.7,13.8,0.411,2.9,8.5,0.334,2.8,5.2,0.536,1.0,1.4,0.76,0.7,3.8,4.4,3.0,1.4,0.3,2.4,1.7,15.2
Abdel Nader,SF,27,PHO,24,0,355,5.8,11.8,0.491,1.8,4.4,0.419,4.0,7.4,0.534,2.8,3.8,0.757,0.7,5.6,6.3,1.9,1.0,0.9,1.9,3.4,16.2
Larry Nance Jr.,PF,28,CLE,35,27,1091,4.2,9.0,0.471,1.4,3.8,0.36,2.9,5.2,0.551,1.0,1.6,0.612,1.8,6.0,7.8,3.5,2.0,0.6,1.8,2.4,10.8
Aaron Nesmith,SF,21,BOS,46,1,669,4.2,9.6,0.438,2.2,5.8,0.37,2.0,3.8,0.543,1.2,1.5,0.786,1.5,5.3,6.8,1.2,0.8,0.5,1.2,4.7,11.7
Raul Neto,PG,28,WAS,64,22,1403,5.4,11.5,0.468,1.6,4.2,0.39,3.7,7.3,0.512,1.9,2.2,0.882,0.7,3.3,4.0,3.7,1.9,0.2,1.4,2.8,14.3
Georges Niang,PF,27,UTA,72,10,1154,5.5,12.6,0.437,3.9,9.1,0.425,1.7,3.5,0.469,0.7,0.7,0.957,0.9,4.6,5.5,1.8,0.8,0.2,1.6,3.6,15.6
Zeke Nnaji,PF,20,DEN,42,1,397,4.5,9.4,0.481,2.2,5.4,0.407,2.4,4.1,0.578,1.1,1.4,0.8,1.3,4.6,5.9,0.9,0.7,0.4,0.6,2.6,12.3
Nerlens Noel,C,26,NYK,64,41,1547,3.2,5.2,0.614,0.0,0.1,0.0,3.2,5.1,0.623,1.2,1.6,0.714,3.3,6.2,9.5,1.1,1.6,3.3,1.5,4.1,7.5
Jaylen Nowell,SG,21,MIN,42,0,759,6.7,15.9,0.424,2.4,7.1,0.333,4.4,8.8,0.497,2.1,2.6,0.818,0.9,3.6,4.5,2.9,1.0,0.6,1.3,3.4,18.0
Frank Ntilikina,PG,22,NYK,33,4,322,3.2,8.8,0.367,2.6,5.4,0.479,0.7,3.5,0.194,0.9,2.0,0.444,0.7,2.8,3.5,2.1,2.0,0.4,1.2,5.0,10.0
Kendrick Nunn,PG,25,MIA,56,44,1650,7.0,14.4,0.485,2.7,7.0,0.381,4.3,7.4,0.583,1.2,1.3,0.933,0.5,3.4,3.9,3.2,1.1,0.3,1.7,2.4,17.8
James Nunnally,SF,30,NOP,9,0,48,3.7,9.7,0.385,3.0,9.0,0.333,0.7,0.7,1.0,0.7,1.5,0.5,1.5,5.2,6.8,2.3,0.0,0.0,1.5,0.7,11.3
Jusuf Nurkić,C,26,POR,37,37,880,7.0,13.6,0.514,0.5,1.2,0.4,6.5,12.4,0.525,2.9,4.6,0.619,3.5,10.1,13.6,5.1,1.6,1.6,3.0,4.2,17.3
David Nwaba,SF,28,HOU,30,9,679,5.6,11.6,0.486,0.9,3.3,0.27,4.7,8.2,0.574,2.5,3.6,0.691,2.1,4.1,6.3,1.6,1.6,1.1,0.9,3.2,14.6
Jordan Nwora,SF,22,MIL,30,2,274,8.1,17.7,0.459,3.7,8.1,0.452,4.5,9.6,0.466,2.5,3.3,0.76,1.2,6.7,7.9,0.9,2.1,0.9,3.2,2.9,22.5
Royce O'Neale,SF,27,UTA,71,71,2241,2.8,6.3,0.444,1.7,4.5,0.385,1.1,1.9,0.586,0.6,0.7,0.848,1.4,6.4,7.8,2.9,0.9,0.5,1.3,2.9,8.0
Semi Ojeleye,PF,26,BOS,56,15,950,3.4,8.4,0.403,2.2,6.0,0.367,1.2,2.4,0.492,0.9,1.2,0.75,1.2,4.4,5.6,1.4,0.6,0.0,0.8,2.1,9.9
Jahlil Okafor,C,25,DET,27,2,347,6.5,10.6,0.618,0.2,0.9,0.222,6.3,9.6,0.656,1.8,2.5,0.708,2.4,4.5,6.8,1.3,0.6,0.5,2.2,4.0,15.0
Chuma Okeke,PF,22,ORL,45,19,1133,4.3,10.3,0.417,1.6,4.5,0.348,2.7,5.8,0.47,1.0,1.3,0.75,1.3,4.4,5.8,3.2,1.5,0.7,1.2,1.5,11.1
Josh Okogie,SG,22,MIN,59,37,1197,3.1,7.6,0.402,0.9,3.2,0.269,2.2,4.4,0.5,2.5,3.2,0.769,1.9,2.8,4.7,1.9,1.6,0.8,1.3,3.7,9.5
Onyeka Okongwu,C,20,ATL,50,4,601,5.8,8.9,0.644,0.0,0.2,0.0,5.8,8.7,0.658,2.2,3.4,0.632,3.7,6.0,9.8,1.1,1.4,2.0,1.7,6.0,13.7
Isaac Okoro,SG,20,CLE,67,67,2173,3.9,9.3,0.42,1.0,3.5,0.29,2.9,5.7,0.501,1.9,2.6,0.726,1.1,2.3,3.4,2.1,1.0,0.4,1.4,3.1,10.7
KZ Okpala,PF,21,MIA,37,9,447,2.9,7.7,0.375,1.0,4.0,0.24,1.9,3.7,0.522,0.6,1.2,0.533,1.7,3.8,5.5,1.5,0.8,0.9,1.2,4.8,7.4
Victor Oladipo,SG,28,TOT,33,33,1080,7.8,19.2,0.408,2.6,8.0,0.326,5.2,11.2,0.466,3.5,4.6,0.754,0.4,4.9,5.3,5.0,1.5,0.5,2.8,2.7,21.7
Cameron Oliver,SF,24,HOU,4,0,87,7.9,13.7,0.576,1.7,5.4,0.308,6.2,8.3,0.75,0.4,1.7,0.25,2.1,6.6,8.7,2.1,0.8,1.7,1.2,4.6,17.8
Kelly Olynyk,C-PF,29,TOT,70,62,1997,6.1,12.6,0.484,2.3,6.6,0.342,3.8,5.9,0.641,2.6,3.2,0.829,1.6,7.2,8.8,3.7,1.4,0.8,2.3,3.7,17.0
Miye Oni,SG,23,UTA,54,0,519,2.4,6.9,0.354,2.1,6.1,0.341,0.3,0.8,0.455,0.3,0.4,0.833,1.6,4.2,5.8,1.9,0.8,0.6,1.1,4.2,7.3
Cedi Osman,SF,25,CLE,59,26,1510,5.2,14.0,0.374,2.4,7.7,0.306,2.9,6.2,0.458,1.8,2.3,0.8,0.9,3.9,4.8,4.1,1.3,0.2,1.9,2.8,14.6
Daniel Oturu,C,21,LAC,30,0,161,4.9,11.6,0.423,0.2,1.1,0.2,4.7,10.5,0.447,2.0,2.7,0.75,4.7,6.0,10.7,2.2,0.9,1.6,2.0,5.4,12.1
Kelly Oubre Jr.,SF,25,GSW,55,50,1687,6.8,15.4,0.439,1.9,6.1,0.316,4.9,9.4,0.519,2.6,3.8,0.695,1.7,5.3,7.0,1.6,1.2,0.9,1.5,2.6,18.1
Jabari Parker,PF,25,TOT,13,0,165,6.5,12.0,0.545,0.4,2.4,0.182,6.1,9.6,0.636,2.2,2.8,0.769,2.2,7.0,9.2,2.4,0.2,1.1,2.2,2.8,15.7
Eric Paschall,PF,24,GSW,40,2,695,7.7,15.4,0.497,0.9,2.8,0.333,6.7,12.6,0.533,3.5,4.9,0.713,1.5,5.2,6.6,2.6,0.6,0.4,2.2,3.5,19.7
Anžejs Pasečņiks,C,25,WAS,1,0,6,0.0,6.0,0.0,0.0,6.0,0.0,0.0,0.0,,0.0,0.0,,6.0,0.0,6.0,6.0,0.0,0.0,30.0,12.0,0.0
Patrick Patterson,PF,31,LAC,38,5,582,4.5,10.2,0.436,2.5,6.9,0.357,2.0,3.3,0.604,0.8,1.1,0.765,1.2,3.5,4.6,1.8,0.9,0.5,0.7,2.8,12.2
Justin Patton,C,23,HOU,13,6,247,4.2,10.2,0.414,1.3,5.0,0.265,2.9,5.2,0.556,0.4,0.6,0.75,2.0,5.1,7.1,2.0,1.7,2.0,0.6,5.0,10.2
Chris Paul,PG,35,PHO,70,70,2199,7.2,14.4,0.499,1.7,4.2,0.395,5.5,10.2,0.543,2.8,3.0,0.934,0.4,4.7,5.1,10.2,1.6,0.3,2.6,2.7,18.8
Cameron Payne,PG,26,PHO,60,1,1079,6.4,13.2,0.484,2.4,5.5,0.44,3.9,7.6,0.515,1.7,1.9,0.893,0.5,4.3,4.8,7.2,1.2,0.5,2.0,3.2,16.8
Elfrid Payton,PG,26,NYK,63,63,1484,6.5,15.1,0.432,0.7,2.4,0.286,5.8,12.7,0.46,1.8,2.6,0.682,1.6,3.7,5.2,4.9,1.1,0.2,2.5,2.8,15.5
Gary Payton II,PG,28,GSW,10,0,40,9.0,11.7,0.769,1.8,3.6,0.5,7.2,8.1,0.889,2.7,3.6,0.75,1.8,8.1,9.9,0.9,5.4,0.9,0.9,7.2,22.5
Norvel Pelle,C,27,TOT,13,0,84,3.4,6.4,0.533,0.0,0.0,,3.4,6.4,0.533,1.7,2.6,0.667,2.6,5.6,8.1,0.9,0.4,3.9,1.3,6.0,8.6
Reggie Perry,PF,20,BRK,26,0,211,5.5,13.3,0.41,0.7,3.6,0.19,4.8,9.7,0.491,1.7,2.2,0.769,4.6,7.8,12.5,2.4,1.0,1.0,2.6,6.8,13.3
Theo Pinson,SG,25,NYK,17,0,34,1.1,9.5,0.111,0.0,8.5,0.0,1.1,1.1,1.0,0.0,0.0,,0.0,5.3,5.3,1.1,0.0,0.0,1.1,4.2,2.1
Mason Plumlee,C,30,DET,56,56,1499,5.6,9.2,0.614,0.0,0.2,0.0,5.6,9.0,0.626,2.7,4.1,0.669,3.5,9.0,12.5,4.9,1.0,1.2,2.5,4.5,14.0
Jakob Poeltl,C,25,SAS,69,51,1845,5.2,8.4,0.616,0.0,0.0,,5.2,8.4,0.616,1.2,2.4,0.508,4.3,6.4,10.7,2.6,0.9,2.4,1.6,3.4,11.6
Vincent Poirier,C,27,PHI,10,0,39,2.8,11.1,0.25,0.0,0.9,0.0,2.8,10.2,0.273,1.8,5.5,0.333,5.5,7.4,12.9,1.8,0.0,2.8,3.7,7.4,7.4
Aleksej Pokusevski,PF,19,OKC,45,28,1090,4.6,13.5,0.341,1.9,6.8,0.28,2.7,6.6,0.403,1.0,1.4,0.738,1.0,6.0,7.0,3.2,0.7,1.4,3.3,1.9,12.1
Jordan Poole,SG,21,GSW,51,7,988,7.5,17.3,0.432,3.5,10.1,0.351,3.9,7.2,0.545,3.8,4.3,0.882,0.5,2.8,3.4,3.6,0.9,0.3,1.9,3.1,22.3
Jontay Porter,PF,21,MEM,11,0,54,5.3,10.0,0.533,2.0,5.3,0.375,3.3,4.7,0.714,2.0,3.3,0.6,2.7,6.7,9.3,0.7,2.0,0.7,4.7,8.0,14.7
Kevin Porter Jr.,SG,20,HOU,26,23,835,6.7,15.8,0.425,2.2,6.9,0.311,4.6,8.9,0.515,3.0,4.1,0.734,0.9,3.4,4.3,7.1,0.8,0.3,3.9,2.6,18.6
Michael Porter Jr.,SF,22,DEN,61,54,1912,8.3,15.4,0.542,3.2,7.2,0.445,5.1,8.2,0.628,2.0,2.5,0.791,1.7,6.7,8.4,1.3,0.8,1.0,1.4,2.4,21.9
Otto Porter Jr.,SF-PF,27,TOT,28,6,606,5.8,13.5,0.432,2.3,6.2,0.375,3.5,7.3,0.48,2.1,2.5,0.857,1.7,7.4,9.0,3.3,1.0,0.2,1.5,2.4,16.1
Bobby Portis,C,25,MIL,66,7,1372,8.2,15.7,0.523,1.9,4.1,0.471,6.3,11.6,0.542,1.4,1.9,0.74,3.3,9.0,12.2,1.9,1.4,0.7,1.5,3.0,19.8
Kristaps Porziņģis,C,25,DAL,43,43,1327,8.8,18.5,0.476,2.6,7.0,0.376,6.2,11.5,0.536,3.2,3.7,0.855,2.2,8.1,10.3,1.8,0.5,1.6,1.4,3.1,23.5
Dwight Powell,C,29,DAL,58,19,966,4.5,7.2,0.619,0.2,0.8,0.238,4.3,6.4,0.665,3.6,4.6,0.782,3.0,5.7,8.7,2.3,1.3,1.1,1.5,5.0,12.7
Norman Powell,SG-SF,27,TOT,69,58,2205,7.2,15.0,0.477,2.8,6.8,0.411,4.4,8.2,0.532,3.9,4.4,0.871,0.7,2.8,3.5,2.1,1.3,0.3,1.9,2.6,20.9
Taurean Prince,PF,26,TOT,41,10,905,5.2,13.0,0.401,2.5,6.2,0.4,2.7,6.8,0.401,2.6,3.0,0.855,0.8,4.9,5.6,3.0,1.1,0.9,1.9,3.0,15.5
Payton Pritchard,SG,23,BOS,66,4,1268,5.2,11.9,0.44,2.9,7.0,0.411,2.3,4.8,0.482,1.1,1.3,0.889,0.9,3.5,4.5,3.4,1.1,0.3,1.5,3.0,14.5
Immanuel Quickley,PG,21,NYK,64,3,1243,6.6,16.8,0.395,3.4,8.8,0.389,3.2,8.0,0.401,4.5,5.0,0.891,0.7,3.2,4.0,3.7,0.9,0.3,1.7,3.3,21.2
Jahmi'us Ramsey,SG,19,SAC,13,0,94,5.7,14.6,0.395,1.9,7.3,0.263,3.8,7.3,0.526,1.9,1.9,1.0,0.8,3.1,3.8,2.3,1.5,0.4,1.1,3.1,15.3
Chasson Randle,PG,27,ORL,41,5,837,4.0,10.2,0.388,1.9,5.6,0.338,2.1,4.6,0.449,1.6,2.1,0.792,0.3,3.2,3.5,3.2,0.9,0.2,2.0,2.8,11.4
Julius Randle,PF,26,NYK,71,71,2667,8.1,17.8,0.456,2.2,5.3,0.411,6.0,12.6,0.474,4.7,5.8,0.811,1.1,8.6,9.8,5.8,0.9,0.2,3.3,3.0,23.1
Cam Reddish,SF,21,ATL,26,21,750,4.6,12.6,0.365,1.6,6.0,0.262,3.0,6.6,0.46,3.2,3.9,0.817,1.1,3.9,5.0,1.7,1.6,0.4,1.6,3.3,14.0
J.J. Redick,SG,36,TOT,44,0,723,5.3,13.3,0.397,3.3,8.9,0.371,2.0,4.4,0.449,2.4,2.6,0.942,0.2,3.0,3.2,2.5,0.5,0.1,1.8,2.5,16.3
Paul Reed,PF,21,PHI,26,0,177,8.5,15.9,0.538,0.0,1.2,0.0,8.5,14.6,0.583,0.8,1.6,0.5,6.1,6.3,12.4,2.4,2.0,2.6,2.4,5.9,17.9
Naz Reid,C,21,MIN,70,15,1347,8.1,15.5,0.523,1.6,4.7,0.351,6.5,10.9,0.597,3.1,4.4,0.693,2.2,6.4,8.6,1.9,0.9,2.0,1.8,4.8,21.0
Cameron Reynolds,SF,25,TOT,5,0,40,5.4,16.2,0.333,2.7,10.8,0.25,2.7,5.4,0.5,0.0,0.0,,1.8,2.7,4.5,1.8,0.0,0.0,0.0,1.8,13.5
Nick Richards,PF,23,CHO,18,0,63,2.3,5.1,0.444,0.0,0.6,0.0,2.3,4.6,0.5,4.0,6.3,0.636,2.3,4.0,6.3,1.1,0.0,0.0,1.7,4.0,8.6
Josh Richardson,SG,27,DAL,59,56,1790,5.3,12.4,0.427,1.8,5.4,0.33,3.5,7.1,0.501,2.0,2.2,0.917,1.0,2.9,3.9,3.1,1.2,0.5,1.6,2.6,14.4
Grant Riller,PG,23,CHO,7,0,27,10.7,16.0,0.667,2.7,5.3,0.5,8.0,10.7,0.75,0.0,0.0,,0.0,1.3,1.3,4.0,1.3,0.0,1.3,0.0,24.0
Austin Rivers,SG,28,TOT,36,7,845,4.4,10.4,0.424,2.3,6.3,0.369,2.1,4.1,0.51,0.9,1.3,0.71,0.3,3.2,3.5,3.5,1.3,0.1,1.5,2.7,12.1
Andre Roberson,SG,29,BRK,5,0,63,1.1,8.0,0.143,0.6,4.6,0.125,0.6,3.4,0.167,0.6,1.1,0.5,4.0,4.6,8.6,2.3,1.7,0.6,1.1,2.3,3.4
Duncan Robinson,SF,26,MIA,72,72,2262,5.0,11.4,0.439,4.0,9.8,0.408,1.0,1.7,0.625,1.0,1.2,0.827,0.1,3.9,4.0,2.0,0.7,0.3,1.3,2.9,15.0
Glenn Robinson III,SF,27,SAC,23,2,369,4.1,9.7,0.424,1.6,4.3,0.364,2.5,5.4,0.473,2.0,2.2,0.913,1.1,3.3,4.4,2.0,0.4,0.3,1.1,2.2,11.8
Jerome Robinson,SG,23,WAS,17,6,305,3.3,11.2,0.295,1.3,5.0,0.262,2.0,6.3,0.321,1.9,2.4,0.8,0.5,4.0,4.5,3.0,1.4,0.7,2.2,3.7,9.8
Justin Robinson,PG,23,OKC,9,0,88,2.9,8.6,0.333,1.6,5.7,0.286,1.2,2.9,0.429,1.2,2.0,0.6,0.4,2.5,2.9,3.7,1.2,0.0,0.8,4.1,8.6
Mitchell Robinson,C,22,NYK,31,29,853,4.9,7.4,0.653,0.0,0.0,,4.9,7.4,0.653,1.1,2.2,0.491,4.8,5.9,10.6,0.7,1.5,1.9,1.1,3.6,10.8
Isaiah Roby,PF,22,OKC,61,34,1425,5.2,10.8,0.483,0.8,2.8,0.294,4.4,8.1,0.547,2.2,3.0,0.744,2.2,6.4,8.6,2.7,1.3,0.9,2.9,4.1,13.5
Rajon Rondo,PG,34,TOT,45,3,770,4.4,10.1,0.442,1.7,4.2,0.404,2.8,5.9,0.468,0.7,0.8,0.941,0.8,4.3,5.1,9.3,1.7,0.2,3.7,2.5,11.3
Derrick Rose,PG,32,TOT,50,3,1279,8.1,17.2,0.47,1.4,3.6,0.388,6.7,13.6,0.492,3.1,3.6,0.866,0.6,3.1,3.7,5.9,1.4,0.5,2.2,1.6,20.7
Terrence Ross,SG,29,ORL,46,2,1347,6.8,16.5,0.412,2.4,7.1,0.337,4.4,9.4,0.469,3.2,3.7,0.87,0.4,3.8,4.2,2.9,1.3,0.6,2.0,2.4,19.2
Terry Rozier,SG,26,CHO,69,69,2383,7.7,17.1,0.45,3.4,8.6,0.389,4.4,8.5,0.512,2.5,3.1,0.817,0.7,3.9,4.6,4.4,1.3,0.4,1.9,1.8,21.3
Ricky Rubio,PG,30,MIN,68,51,1772,3.9,10.1,0.388,1.3,4.3,0.308,2.6,5.8,0.447,2.6,3.0,0.867,0.6,4.0,4.5,8.8,2.0,0.1,2.3,2.8,11.8
D'Angelo Russell,PG,24,MIN,42,26,1196,8.5,19.6,0.431,3.6,9.3,0.387,4.8,10.3,0.471,3.4,4.5,0.765,0.5,2.9,3.3,7.3,1.4,0.5,3.4,2.0,24.0
Domantas Sabonis,PF,24,IND,62,62,2231,7.8,14.6,0.535,0.8,2.6,0.321,7.0,12.0,0.582,3.9,5.3,0.732,2.4,9.6,12.0,6.7,1.2,0.5,3.4,3.3,20.3
Luka Šamanić,PF,21,SAS,33,4,308,5.5,12.3,0.448,1.4,5.0,0.279,4.1,7.2,0.565,1.9,3.4,0.552,1.9,6.1,7.9,1.8,0.9,0.9,2.3,5.0,14.3
JaKarr Sampson,PF,27,IND,29,4,316,6.4,12.9,0.496,0.3,1.7,0.2,6.0,11.2,0.541,2.2,3.3,0.655,3.1,5.7,8.8,0.5,0.2,1.6,1.7,5.9,15.3
Dario Šarić,C,26,PHO,50,4,871,6.3,14.1,0.447,1.9,5.6,0.348,4.4,8.6,0.512,3.5,4.1,0.848,1.9,6.0,7.9,2.7,1.2,0.2,2.4,3.9,18.1
Tomáš Satoranský,SG,29,CHI,58,18,1307,4.7,9.1,0.514,1.2,3.3,0.356,3.5,5.8,0.602,1.8,2.2,0.848,0.8,3.1,3.9,7.5,1.1,0.4,2.6,2.5,12.3
Dennis Schröder,SG,27,LAL,61,61,1956,6.1,14.0,0.437,1.3,3.9,0.335,4.8,10.1,0.476,3.8,4.5,0.848,0.6,3.3,3.9,6.5,1.3,0.2,3.0,2.9,17.3
Mike Scott,PF,32,PHI,51,12,852,3.2,8.9,0.36,2.2,6.5,0.342,1.0,2.4,0.411,0.3,0.5,0.667,0.5,4.6,5.1,1.7,1.0,0.6,0.8,3.0,9.0
Jay Scrubb,SG,20,LAC,4,1,84,6.0,15.4,0.389,0.9,3.9,0.222,5.1,11.6,0.444,2.1,2.1,1.0,0.9,5.1,6.0,0.4,1.7,0.0,3.0,2.1,15.0
Collin Sexton,SG,22,CLE,60,60,2115,8.9,18.8,0.475,1.7,4.5,0.371,7.3,14.3,0.508,5.3,6.5,0.815,1.0,2.2,3.2,4.5,1.1,0.2,2.8,2.7,24.9
Landry Shamet,SG,23,BRK,61,12,1403,4.8,11.7,0.408,3.3,8.5,0.387,1.5,3.2,0.463,1.7,2.0,0.846,0.3,2.6,2.9,2.5,0.8,0.3,1.2,2.4,14.5
Iman Shumpert,SG,30,BRK,2,0,11,3.3,13.1,0.25,0.0,9.8,0.0,3.3,3.3,1.0,0.0,0.0,,3.3,0.0,3.3,0.0,3.3,0.0,3.3,0.0,6.5
Pascal Siakam,PF,26,TOR,56,56,2006,7.8,17.2,0.455,1.3,4.4,0.297,6.5,12.8,0.509,4.5,5.4,0.827,1.7,5.6,7.3,4.5,1.1,0.7,2.3,3.1,21.5
Chris Silva,PF,24,TOT,15,0,92,3.9,6.3,0.625,0.4,0.4,1.0,3.5,5.9,0.6,4.3,5.9,0.733,2.7,7.8,10.6,2.3,0.4,2.3,3.9,9.4,12.5
Ben Simmons,PG,24,PHI,58,58,1877,6.2,11.2,0.557,0.1,0.2,0.3,6.2,11.0,0.562,3.4,5.5,0.613,1.8,6.2,8.0,7.7,1.8,0.7,3.3,3.3,15.9
Anfernee Simons,SG,21,POR,64,0,1104,5.5,13.1,0.419,3.9,9.2,0.426,1.6,3.9,0.403,1.5,1.9,0.807,0.5,4.1,4.6,2.9,0.6,0.3,1.4,3.1,16.4
Deividas Sirvydis,SG,20,DET,20,0,133,3.8,10.8,0.35,2.7,7.6,0.357,1.1,3.2,0.333,0.8,1.6,0.5,0.0,7.8,7.8,1.4,0.5,0.0,1.4,2.4,11.1
Alen Smailagić,PF,20,GSW,15,1,84,4.7,11.6,0.407,1.7,4.3,0.4,3.0,7.3,0.412,0.9,2.6,0.333,2.6,4.3,6.9,1.7,1.3,2.1,2.1,4.7,12.0
Marcus Smart,PG,26,BOS,48,45,1581,4.6,11.6,0.398,2.1,6.4,0.33,2.5,5.2,0.482,2.9,3.7,0.79,0.8,3.0,3.8,6.2,1.6,0.5,2.2,2.9,14.3
Dennis Smith Jr.,PG,23,TOT,23,9,420,5.0,12.4,0.4,1.6,5.0,0.328,3.3,7.5,0.448,1.6,2.2,0.731,1.0,3.7,4.7,6.6,2.0,1.2,2.2,3.2,13.2
Ish Smith,PG,32,WAS,44,1,924,5.0,11.6,0.434,0.7,1.9,0.367,4.3,9.7,0.448,0.7,1.3,0.576,0.9,5.0,5.8,6.7,1.2,0.5,1.6,2.4,11.5
Jalen Smith,PF,20,PHO,27,1,156,5.1,11.5,0.44,0.9,3.9,0.235,4.2,7.6,0.545,1.2,1.6,0.714,1.6,6.9,8.5,0.9,0.2,1.2,1.6,3.7,12.2
Tony Snell,SG,29,ATL,47,23,992,3.2,6.2,0.515,2.3,4.0,0.569,0.9,2.3,0.419,0.4,0.4,1.0,0.7,3.4,4.1,2.1,0.5,0.4,0.8,2.7,9.0
Ray Spalding,C,23,HOU,2,0,19,3.8,7.6,0.5,0.0,1.9,0.0,3.8,5.7,0.667,0.0,3.8,0.0,3.8,3.8,7.6,0.0,0.0,3.8,5.7,5.7,7.6
Cassius Stanley,SG,21,IND,24,0,93,5.0,16.6,0.302,1.2,5.0,0.231,3.9,11.6,0.333,2.7,3.5,0.778,3.1,4.6,7.7,0.4,0.4,0.8,0.4,5.4,13.9
Lamar Stevens,PF,23,CLE,40,0,499,4.5,9.8,0.456,0.3,1.8,0.16,4.2,8.0,0.523,2.7,3.7,0.725,1.7,5.2,6.9,1.8,1.2,0.9,1.7,3.8,11.9
Isaiah Stewart,C,19,DET,68,14,1455,5.6,10.1,0.553,0.5,1.6,0.333,5.1,8.6,0.592,1.6,2.3,0.696,3.9,7.3,11.2,1.5,1.0,2.1,1.7,4.6,13.3
Max Strus,SF,24,MIA,39,0,507,6.0,13.3,0.455,3.6,10.5,0.338,2.5,2.8,0.897,1.1,1.7,0.667,0.4,2.6,2.9,1.7,0.8,0.1,0.6,3.1,16.8
Edmond Sumner,SG,25,IND,53,24,861,6.2,11.8,0.525,1.5,3.7,0.398,4.7,8.1,0.582,2.8,3.5,0.819,0.8,3.2,3.9,2.0,1.4,0.4,2.1,3.7,16.7
Jae'Sean Tate,SF,25,HOU,70,58,2043,5.6,11.0,0.506,1.1,3.4,0.308,4.5,7.6,0.595,1.8,2.6,0.694,2.3,4.3,6.6,3.1,1.5,0.6,1.7,3.9,14.0
Jayson Tatum,SF,22,BOS,64,64,2290,9.5,20.7,0.459,2.9,7.6,0.386,6.6,13.1,0.502,4.6,5.3,0.868,0.8,6.6,7.4,4.3,1.2,0.5,2.7,1.9,26.6
Jeff Teague,PG,32,TOT,55,7,950,4.7,10.8,0.433,1.4,3.1,0.439,3.3,7.7,0.431,3.4,4.0,0.848,0.6,2.8,3.3,5.0,1.3,0.5,2.4,2.1,14.1
Garrett Temple,SG,34,CHI,56,25,1528,3.7,9.0,0.415,1.6,4.7,0.335,2.1,4.3,0.503,0.9,1.2,0.8,0.7,3.1,3.8,2.9,1.0,0.7,1.4,3.0,10.0
Tyrell Terry,PG,20,DAL,11,0,56,3.2,10.3,0.313,0.0,4.5,0.0,3.2,5.8,0.556,0.6,1.9,0.333,0.0,3.9,3.9,3.9,3.2,0.0,1.3,1.3,7.1
Daniel Theis,C,28,TOT,65,51,1601,5.7,10.5,0.541,1.1,3.4,0.322,4.6,7.1,0.646,1.7,2.5,0.673,2.1,5.9,8.0,2.4,0.9,1.3,1.5,3.8,14.1
Brodric Thomas,SG,24,TOT,32,1,399,3.5,9.7,0.361,1.4,5.3,0.271,2.1,4.4,0.469,2.8,4.2,0.674,0.7,4.1,4.8,2.7,1.4,0.9,2.0,3.6,11.3
Isaiah Thomas,PG,31,NOP,3,0,48,6.8,20.3,0.333,2.3,9.0,0.25,4.5,11.3,0.4,1.5,1.5,1.0,0.7,2.3,3.0,3.7,0.7,0.0,4.5,2.3,17.2
Khyri Thomas,SG,24,HOU,5,2,153,7.5,15.5,0.485,2.1,6.4,0.333,5.4,9.2,0.59,2.1,2.1,1.0,1.6,2.6,4.2,5.9,2.1,1.4,1.4,1.9,19.3
Matt Thomas,SG,26,TOT,45,0,326,5.5,14.0,0.394,3.0,8.8,0.338,2.5,5.2,0.489,1.3,1.5,0.857,0.8,4.1,4.9,2.1,0.4,0.0,1.5,2.0,15.3
Tristan Thompson,PF,29,BOS,54,43,1287,4.7,9.1,0.518,0.0,0.1,0.0,4.7,9.0,0.523,2.0,3.4,0.592,4.7,7.6,12.3,1.9,0.7,0.9,1.7,3.3,11.4
Sindarius Thornwell,SG,26,TOT,21,1,217,2.5,7.6,0.326,1.2,3.8,0.304,1.3,3.8,0.348,0.7,1.3,0.5,0.5,2.5,3.0,3.5,2.2,0.3,1.2,2.5,6.8
Matisse Thybulle,SG,23,PHI,65,8,1298,2.8,6.7,0.42,1.2,4.0,0.301,1.6,2.8,0.59,0.2,0.5,0.444,0.8,2.6,3.4,1.7,2.9,2.0,0.9,3.5,7.1
Killian Tillie,C,22,MEM,18,1,182,3.8,11.3,0.333,2.0,6.5,0.303,1.8,4.7,0.375,1.8,2.2,0.818,1.2,3.6,4.7,1.6,1.0,1.6,0.4,4.0,11.3
Xavier Tillman Sr.,PF,22,MEM,59,12,1085,5.5,9.9,0.559,0.7,2.2,0.338,4.8,7.8,0.62,1.1,1.8,0.642,2.5,6.0,8.5,2.5,1.5,1.1,1.5,3.8,12.9
Anthony Tolliver,PF,35,PHI,11,0,99,1.5,6.2,0.235,1.5,5.1,0.286,0.0,1.1,0.0,1.8,2.2,0.833,1.1,2.5,3.6,0.7,1.1,0.7,1.1,2.5,6.2
Obi Toppin,PF,22,NYK,62,0,683,5.5,11.0,0.498,1.4,4.5,0.306,4.1,6.5,0.629,1.0,1.4,0.731,1.4,5.9,7.3,1.5,0.9,0.8,1.2,2.9,13.3
Juan Toscano-Anderson,SG,27,GSW,53,16,1107,3.9,6.8,0.579,1.2,3.0,0.402,2.7,3.8,0.718,0.7,1.0,0.71,0.9,6.7,7.6,4.9,1.3,0.8,2.0,3.6,9.8
Axel Toupane,SF,28,MIL,8,1,61,2.4,6.5,0.364,0.6,1.2,0.5,1.8,5.3,0.333,3.0,4.1,0.714,0.0,3.5,3.5,2.4,1.2,1.8,0.0,3.5,8.3
Karl-Anthony Towns,C,25,MIN,50,50,1689,9.1,18.7,0.486,2.6,6.7,0.387,6.5,11.9,0.541,5.7,6.6,0.859,2.8,8.4,11.3,4.8,0.8,1.2,3.4,4.0,26.4
Gary Trent Jr.,SG,22,TOT,58,38,1802,6.4,15.7,0.408,3.3,8.6,0.385,3.1,7.1,0.435,1.7,2.1,0.783,0.5,2.5,3.0,1.6,1.1,0.2,0.9,1.8,17.7
P.J. Tucker,PF,35,TOT,52,33,1356,1.8,4.7,0.373,1.1,3.2,0.336,0.7,1.5,0.448,0.6,0.7,0.75,1.4,4.1,5.4,1.6,1.0,0.5,1.1,3.3,5.1
Rayjon Tucker,PG,23,PHI,14,0,68,4.8,9.5,0.5,1.1,3.7,0.286,3.7,5.8,0.636,7.4,10.1,0.737,0.5,5.3,5.8,3.2,1.1,0.0,2.1,4.2,18.0
Myles Turner,C,24,IND,47,47,1455,5.1,10.7,0.477,1.7,5.1,0.335,3.4,5.6,0.606,2.7,3.5,0.782,1.6,6.0,7.6,1.2,1.0,3.9,1.7,4.1,14.6
Jonas Valančiūnas,C,28,MEM,62,61,1755,9.0,15.2,0.592,0.4,1.2,0.368,8.6,14.1,0.611,3.2,4.2,0.773,5.2,10.7,15.9,2.3,0.7,1.2,2.1,3.7,21.7
Denzel Valentine,SG,27,CHI,62,3,1036,5.4,14.5,0.373,2.8,8.4,0.331,2.6,6.0,0.431,0.6,0.6,0.941,0.8,6.0,6.8,3.6,1.0,0.2,1.5,2.4,14.1
Jarred Vanderbilt,PF,21,MIN,64,30,1139,4.5,7.5,0.606,0.0,0.2,0.2,4.5,7.3,0.615,1.8,3.2,0.559,3.7,7.9,11.6,2.4,2.0,1.5,1.7,3.9,10.9
Fred VanVleet,SG,26,TOR,52,52,1899,6.4,16.5,0.389,3.3,9.0,0.366,3.1,7.5,0.416,3.2,3.6,0.885,0.6,3.6,4.2,6.2,1.6,0.7,1.8,2.3,19.3
Anderson Varejão,C,38,CLE,5,0,36,4.0,16.0,0.25,0.0,1.0,0.0,4.0,15.0,0.267,5.0,9.0,0.556,7.0,13.0,20.0,3.0,0.0,2.0,1.0,3.0,13.0
Devin Vassell,SF,20,SAS,62,7,1056,4.2,10.3,0.406,1.8,5.1,0.347,2.4,5.2,0.464,1.5,1.7,0.843,0.8,5.1,5.9,1.9,1.5,0.6,0.7,3.0,11.6
Gabe Vincent,PG,24,MIA,50,7,655,4.8,12.8,0.378,2.5,8.2,0.309,2.3,4.6,0.5,1.1,1.3,0.87,0.5,2.5,3.1,3.7,1.2,0.1,1.9,4.3,13.3
Noah Vonleh,PF,25,BRK,4,0,11,0.0,9.8,0.0,0.0,6.5,0.0,0.0,3.3,0.0,0.0,0.0,,0.0,3.3,3.3,3.3,0.0,0.0,6.5,6.5,0.0
Nikola Vučević,C,30,TOT,70,70,2348,10.2,21.4,0.477,2.7,6.7,0.4,7.5,14.7,0.513,2.0,2.4,0.84,2.2,10.3,12.5,4.1,1.0,0.7,1.9,2.1,25.1
Dean Wade,PF,24,CLE,63,19,1212,4.0,9.2,0.431,2.3,6.3,0.366,1.7,2.9,0.571,0.9,1.2,0.769,1.1,5.3,6.4,2.2,1.0,0.6,0.9,2.3,11.2
Moritz Wagner,C,23,TOT,45,24,722,5.2,11.4,0.454,1.5,4.5,0.341,3.6,6.9,0.529,3.5,4.3,0.816,1.3,5.9,7.3,2.5,1.3,0.9,2.1,5.4,15.5
Kemba Walker,PG,30,BOS,43,43,1369,7.5,17.8,0.42,3.3,9.3,0.36,4.1,8.5,0.486,3.5,3.9,0.899,0.4,4.0,4.5,5.6,1.3,0.3,2.3,1.6,21.8
Lonnie Walker IV,SG,22,SAS,60,38,1522,6.1,14.4,0.42,2.4,6.7,0.355,3.7,7.7,0.477,1.3,1.7,0.814,0.3,3.3,3.7,2.4,0.7,0.4,1.5,2.4,15.8
John Wall,PG,30,HOU,40,40,1288,8.2,20.3,0.404,2.2,7.0,0.317,6.0,13.3,0.449,4.4,5.9,0.749,0.5,3.1,3.6,7.7,1.2,0.9,3.9,1.3,23.0
Brad Wanamaker,PG,31,TOT,61,0,1053,3.9,10.2,0.385,0.5,2.9,0.188,3.4,7.3,0.463,3.1,3.5,0.891,0.6,3.0,3.6,5.9,1.5,0.4,2.4,3.2,11.5
T.J. Warren,SF,27,IND,4,4,117,8.3,15.7,0.529,0.0,2.2,0.0,8.3,13.5,0.614,2.5,3.1,0.8,0.6,3.7,4.3,1.5,0.6,0.0,1.2,4.9,19.1
P.J. Washington,PF,22,CHO,64,61,1954,5.6,12.6,0.44,2.1,5.3,0.386,3.5,7.3,0.48,2.0,2.7,0.745,1.7,6.0,7.7,3.0,1.3,1.5,2.4,3.2,15.2
Yuta Watanabe,SF,26,TOR,50,4,723,3.9,9.0,0.439,1.8,4.5,0.4,2.1,4.5,0.478,1.2,1.4,0.828,1.8,6.1,7.9,2.0,1.3,0.9,0.9,2.8,10.9
Tremont Waters,PG,23,BOS,26,3,238,5.1,12.7,0.405,2.3,5.7,0.395,2.9,7.0,0.413,2.4,2.6,0.941,0.8,2.4,3.2,9.4,2.3,0.2,4.1,2.6,15.0
Paul Watson,SF,26,TOR,27,2,297,4.6,9.9,0.463,3.6,7.8,0.469,1.0,2.2,0.444,0.6,1.0,0.625,0.5,5.0,5.5,2.1,0.7,0.4,1.1,4.4,13.5
Quinndary Weatherspoon,SG,24,SAS,20,0,121,4.8,10.4,0.457,0.3,1.8,0.167,4.5,8.6,0.517,3.9,4.8,0.813,0.9,2.4,3.3,2.4,2.4,0.6,3.0,5.4,13.7
Russell Westbrook,PG,32,WAS,65,65,2369,8.3,18.8,0.439,1.3,4.1,0.315,7.0,14.7,0.475,4.1,6.3,0.656,1.7,9.7,11.4,11.6,1.4,0.3,4.7,2.9,22.0
Coby White,PG,20,CHI,69,54,2156,6.3,15.1,0.416,2.7,7.6,0.359,3.5,7.5,0.473,2.1,2.4,0.901,0.5,4.3,4.7,5.5,0.6,0.3,2.6,3.0,17.4
Derrick White,SG,26,SAS,36,32,1064,6.3,15.3,0.411,2.8,8.2,0.346,3.5,7.1,0.486,3.3,3.9,0.851,0.4,3.2,3.6,4.3,0.9,1.2,1.5,3.1,18.7
Hassan Whiteside,C,31,SAC,36,4,546,8.3,14.8,0.563,0.0,0.1,0.0,8.3,14.7,0.565,2.7,5.2,0.519,4.0,10.2,14.2,1.3,0.6,3.0,2.6,4.8,19.3
Greg Whittington,PF,27,DEN,4,0,12,0.0,9.0,0.0,0.0,6.0,0.0,0.0,3.0,0.0,0.0,0.0,,0.0,0.0,0.0,0.0,0.0,0.0,0.0,0.0,0.0
Andrew Wiggins,PF,25,GSW,71,71,2364,7.7,16.1,0.477,2.1,5.6,0.38,5.6,10.5,0.529,2.6,3.6,0.714,1.2,4.0,5.3,2.5,1.0,1.1,1.9,2.4,20.1
Grant Williams,PF,22,BOS,63,9,1138,3.4,7.8,0.437,1.5,4.1,0.372,1.9,3.7,0.508,0.9,1.6,0.588,1.5,4.1,5.6,2.0,1.0,0.8,1.8,5.1,9.3
Kenrich Williams,PF,26,OKC,66,13,1426,5.5,10.4,0.533,1.3,3.0,0.444,4.2,7.4,0.568,0.9,1.6,0.571,2.1,4.8,6.9,3.8,1.4,0.4,1.9,3.6,13.3
Lou Williams,PG,34,TOT,66,4,1423,6.7,16.3,0.41,1.7,4.4,0.399,5.0,12.0,0.414,3.8,4.4,0.867,0.5,3.0,3.5,5.7,1.2,0.2,2.7,1.6,18.9
Patrick Williams,PF,19,CHI,71,71,1983,4.6,9.6,0.483,1.0,2.5,0.391,3.6,7.1,0.515,1.7,2.3,0.728,1.2,4.7,5.9,1.8,1.2,0.8,1.8,2.3,11.9
Robert Williams,C,23,BOS,52,13,985,6.8,9.4,0.721,0.0,0.1,0.0,6.8,9.4,0.727,1.6,2.7,0.616,4.9,8.2,13.1,3.4,1.6,3.3,1.9,3.8,15.2
Zion Williamson,PF,20,NOP,61,61,2026,11.3,18.4,0.611,0.2,0.6,0.294,11.1,17.8,0.622,6.6,9.4,0.698,3.0,4.9,7.8,4.0,1.0,0.7,3.0,2.4,29.3
D.J. Wilson,PF,24,TOT,35,1,433,5.7,14.0,0.405,2.5,7.2,0.345,3.2,6.7,0.469,1.4,2.1,0.68,1.7,7.6,9.3,1.9,0.9,1.3,1.8,3.7,15.2
Dylan Windler,SF,24,CLE,31,0,513,4.0,9.1,0.438,1.8,5.4,0.338,2.2,3.7,0.585,1.5,1.9,0.778,1.4,6.1,7.5,2.3,1.3,0.8,2.2,2.6,11.3
Justise Winslow,SF,24,MEM,26,1,507,5.3,14.9,0.352,0.7,3.8,0.185,4.5,11.1,0.41,1.4,2.5,0.571,1.3,7.1,8.4,3.6,1.1,0.9,2.6,3.3,12.6
Cassius Winston,PG,22,WAS,22,0,98,5.1,12.1,0.424,2.9,6.2,0.471,2.2,5.9,0.375,1.8,2.2,0.833,0.0,3.3,3.3,4.4,0.7,0.4,1.8,2.9,15.1
James Wiseman,C,19,GSW,39,27,836,8.2,15.8,0.519,0.5,1.6,0.316,7.7,14.2,0.542,2.3,3.7,0.628,2.4,7.4,9.7,1.1,0.5,1.6,2.6,5.2,19.3
Christian Wood,C,25,HOU,41,41,1326,8.9,17.4,0.514,2.1,5.6,0.374,6.8,11.8,0.581,3.4,5.4,0.631,2.1,8.7,10.7,1.9,0.9,1.3,2.2,2.4,23.3
Robert Woodard II,SF,21,SAC,13,0,45,6.4,16.0,0.4,0.8,4.8,0.167,5.6,11.2,0.5,2.4,6.4,0.375,3.2,9.6,12.8,1.6,0.0,2.4,0.8,3.2,16.0
Delon Wright,SG-PG,28,TOT,63,39,1748,4.9,10.7,0.463,1.3,3.5,0.372,3.6,7.1,0.509,2.1,2.6,0.802,1.3,4.2,5.5,5.7,2.1,0.6,1.7,1.5,13.3
Thaddeus Young,PF,32,CHI,68,23,1652,8.1,14.4,0.559,0.3,1.0,0.267,7.8,13.4,0.58,1.5,2.5,0.628,3.7,5.6,9.2,6.3,1.6,0.9,3.0,3.3,17.9
Trae Young,PG,22,ATL,63,63,2125,8.3,18.8,0.438,2.3,6.7,0.343,5.9,12.1,0.491,8.2,9.2,0.886,0.6,3.5,4.2,10.1,0.9,0.2,4.4,1.9,27.0
Cody Zeller,C,28,CHO,48,21,1005,6.5,11.6,0.559,0.1,1.0,0.143,6.3,10.6,0.598,3.0,4.3,0.714,4.3,7.5,11.7,3.1,1.0,0.6,1.8,4.3,16.2
Ivica Zubac,C,23,LAC,72,33,1609,5.8,8.8,0.652,0.0,0.1,0.25,5.7,8.7,0.656,3.0,3.8,0.789,4.2,7.4,11.6,2.0,0.5,1.4,1.8,4.2,14.5
